company,name,address,city,latitude,longitude,phone,connector_types,amenities,quantity,tariffs,is_24_7,station_id,source_url,scraped_at
AYNA (Gov),Lankaran Springs Wellness Resort,"Sultan Əliyev 1, Haftoni, Lənkəran, Azərbaycan, AZ4216",Lənkəran,38.7669348,48.760272,,Wall (Euro),,0,0,Yes,6303eca6f230e4f6bd2e332c,https://edm.ayna.gov.az/,2025-12-18T20:12:21.439166
AYNA (Gov),AzPetrol Alyat,"Baku-Alyat-Astara-Iran, Azerbaijan",Baku-Alyat-Astara-Iran,39.6740676,49.01067,,CSS Combo 1; CHAdeMO; Type 2 (Mennekes),,1,0,Yes,6303ee93fa6010ec96bcca82,https://edm.ayna.gov.az/,2025-12-18T20:12:21.439211
AYNA (Gov),AzPetrol Salyan,"Salyan şosesi, Qaradağ, Bakı, Azərbaycan, AZ1081",Bakı,39.994744499999996,49.4309,,CSS Combo 1; CHAdeMO; Type 2 (Mennekes),,1,0,Yes,6303f030fa6010ec96bcca83,https://edm.ayna.gov.az/,2025-12-18T20:12:21.439238
AYNA (Gov),AzPetrol Mayak,"Salyan şosesi, Qaradağ, Bakı, Azərbaycan, AZ1083",Bakı,40.28604189999999,49.73332799999999,,CSS Combo 1; CHAdeMO; Type 2 (Mennekes),Cafe; WC,0,0,Yes,6303f200fa6010ec96bcca84,https://edm.ayna.gov.az/,2025-12-18T20:12:21.439257
AYNA (Gov),AzPetrol Mayak2,"Salyan şosesi, Qaradağ, Bakı, Azərbaycan, AZ1063",Bakı,40.29652909999999,49.755026,,CSS Combo 1; CHAdeMO; Type 2 (Mennekes),,0,0,Yes,6303f349fa6010ec96bcca85,https://edm.ayna.gov.az/,2025-12-18T20:12:21.439275
AYNA (Gov),AzPetrol Kurdamir,Azərbaycan,Azərbaycan,40.32207869999999,48.189805,,CSS Combo 1; CSS Combo 2; CHAdeMO; Type 2 (Mennekes),,0,0,Yes,6303f43bfa6010ec96bcca86,https://edm.ayna.gov.az/,2025-12-18T20:12:21.439284
AYNA (Gov),AzPetrol Ag seher,"8 Noyabr, Xətai, Bakı, Azərbaycan, AZ1025",Bakı,40.3789582,49.883739,,CSS Combo 1; CHAdeMO; Type 2 (Mennekes),Cafe,0,0,Yes,6303f5f6fa6010ec96bcca87,https://edm.ayna.gov.az/,2025-12-18T20:12:21.439300
AYNA (Gov),Love Park,"Yeryomenko, Xətai, Bakı, Azərbaycan, AZ1025",Bakı,40.38689719999999,49.866214,,CSS Combo 1; CHAdeMO; Type 2 (Mennekes),,0,0,Yes,6303f6c9fa6010ec96bcca88,https://edm.ayna.gov.az/,2025-12-18T20:12:21.439317
AYNA (Gov),Ahmadli,"Sarayevo 109, Xətai, Bakı, Azərbaycan, AZ1142",Bakı,40.386883799999964,49.96139,,Type 1 (J1772); Wall; Wall (BS1363); Wall (Euro),,0,0,Yes,6303f771fa6010ec96bcca89,https://edm.ayna.gov.az/,2025-12-18T20:12:21.439333
AYNA (Gov),AzPetrol Qabala,"Həsən bəy Zərdabi 74, Yasamal, Bakı, Azərbaycan, AZ1122",Bakı,40.38846130000002,49.80786,,CSS Combo 1; CHAdeMO; Type 2 (Mennekes),,0,0,Yes,6303f82afa6010ec96bcca8a,https://edm.ayna.gov.az/,2025-12-18T20:12:21.439350
AYNA (Gov),AzPetrol Spartak,"Tbilisi 6, Nəsimi, Bakı, Azərbaycan, AZ1065",Bakı,40.3889872,49.82630799999999,,CSS Combo 1; CHAdeMO; Type 2 (Mennekes),,1,0,Yes,6303f95afa6010ec96bcca8b,https://edm.ayna.gov.az/,2025-12-18T20:12:21.439382
AYNA (Gov),Heydar Aliyev Center,"Gülarə Qədirbəyova 2, Nəsimi, Bakı, Azərbaycan, AZ1008",Bakı,40.39272310000001,49.864926,,CSS Combo 1; CHAdeMO; Type 2 (Mennekes),,0,0,Yes,6303f9e6fa6010ec96bcca8c,https://edm.ayna.gov.az/,2025-12-18T20:12:21.439423
AYNA (Gov),AzPetrol Babak,"Babək 238, Xətai, Bakı, Azərbaycan, AZ1074",Bakı,40.39119210000001,49.908193,,CSS Combo 1; CHAdeMO; Type 2 (Mennekes),,1,0,Yes,6303faa4fa6010ec96bcca8d,https://edm.ayna.gov.az/,2025-12-18T20:12:21.439438
AYNA (Gov),Audi Center,"Babək 257, Nizami, Bakı, Azərbaycan, AZ1030",Bakı,40.39264400000002,49.911139,,CSS Combo 1; CHAdeMO,,0,0,Yes,6303fb9bfa6010ec96bcca8f,https://edm.ayna.gov.az/,2025-12-18T20:12:21.439453
AYNA (Gov),AzPetrol Ganjlik,"Vaqif 125, Nərimanov, Bakı, Azərbaycan, AZ1110",Bakı,40.398954799999984,49.848493,,CSS Combo 1; CHAdeMO; Type 2 (Mennekes),Cafe; WC,1,0,Yes,6303fcd8fa6010ec96bcca90,https://edm.ayna.gov.az/,2025-12-18T20:12:21.439471
AYNA (Gov),Ganjlik Mall,"Fətəli xan Xoyski 4, Nərimanov, Bakı, Azərbaycan, AZ1110",Bakı,40.399632999999994,49.850287,,Type 2 (Mennekes),,2,0,Yes,6303fd82fa6010ec96bcca91,https://edm.ayna.gov.az/,2025-12-18T20:12:21.439491
AYNA (Gov),Samaxinka,"2-ci Alatava 94y, Yasamal, Bakı, Azərbaycan, AZ1011",Bakı,40.4079414,49.800153,,Wall (Euro),,0,0,Yes,6303fdf7fa6010ec96bcca92,https://edm.ayna.gov.az/,2025-12-18T20:12:21.439509
AYNA (Gov),AzPetrol Carl Maks,"Ziya Bünyadov 155, Məmməd Əmin Rəsulzadə, Binəqədi, Bakı, Azərbaycan, AZ1106",Bakı,40.411067,49.83440800000001,,CSS Combo 1; CHAdeMO; Type 2 (Mennekes),Cafe,1,0,Yes,6303fe96fa6010ec96bcca93,https://edm.ayna.gov.az/,2025-12-18T20:12:21.439529
AYNA (Gov),AzPetrol Heydar Aliyev2,"Heydər Əliyev 141, Nərimanov, Bakı, Azərbaycan, AZ1029",Bakı,40.41036819999999,49.893459,,CSS Combo 1; CHAdeMO; Type 2 (Mennekes),,1,0,Yes,6303ff50fa6010ec96bcca94,https://edm.ayna.gov.az/,2025-12-18T20:12:21.439547
AYNA (Gov),AzPetrol Mikayil Aliyev,"Mikayıl Əliyev, Nizami, Bakı, Azərbaycan, AZ1060",Bakı,40.4121677,49.924327,0,CSS Combo 1; CHAdeMO; Type 2 (Mennekes),,1,0,Yes,6303ffd6fa6010ec96bcca95,https://edm.ayna.gov.az/,2025-12-18T20:12:21.439563
AYNA (Gov),Porsche Baku Center,"Mikayıl Əliyev 7, Nizami, Bakı, Azərbaycan, AZ1060",Bakı,40.40776220000001,49.927231,,Type 2 (Mennekes),,0,0,Yes,63040045fa6010ec96bcca96,https://edm.ayna.gov.az/,2025-12-18T20:12:21.439579
AYNA (Gov),AzPetrol Heydar Aliyev,"Heydər Əliyev 170, Nizami, Bakı, Azərbaycan, AZ1029",Bakı,40.41817070000002,49.911988,,CSS Combo 1; CHAdeMO; Type 2 (Mennekes),,1,0,Yes,630400c9fa6010ec96bcca97,https://edm.ayna.gov.az/,2025-12-18T20:12:21.439595
AYNA (Gov),Bravo koroglu,"Heydər Əliyev 174, Nizami, Bakı, Azərbaycan, AZ1029",Bakı,40.41820050000001,49.914753999999995,,Type 2 (Mennekes),,0,0,Yes,63040175fa6010ec96bcca98,https://edm.ayna.gov.az/,2025-12-18T20:12:21.439610
AYNA (Gov),AzPetrol Bina,"Mərdəkan, Binə, Xəzər, Bakı, Azərbaycan, AZ1045",Bakı,40.46802650000001,50.093684,,CSS Combo 1; CHAdeMO; Type 2 (Mennekes),,1,0,Yes,63040208fa6010ec96bcca99,https://edm.ayna.gov.az/,2025-12-18T20:12:21.439627
AYNA (Gov),AzPetrol Sumgayit,"Sumqayıt-Hacı Zeynalabdin, Sumqayıt, Sumqayıt, Azərbaycan, AZ5000",Sumqayıt,40.567685100000006,49.631941,,CSS Combo 1; CHAdeMO; Type 2 (Mennekes),Cafe,1,0,Yes,630402e9fa6010ec96bcca9a,https://edm.ayna.gov.az/,2025-12-18T20:12:21.439645
AYNA (Gov),Ganja Mall,"Heydər Əliyev 433, Gəncə, Gəncə, Azərbaycan, AZ2000",Gəncə,40.67710530000002,46.359922,,Three Phase,,0,0,Yes,63040563fa6010ec96bcca9d,https://edm.ayna.gov.az/,2025-12-18T20:12:21.439661
AYNA (Gov),Sea Breeze Mall,Azərbaycan,Azərbaycan,40.58977999999999,49.988739,,Type 2 (Mennekes),Cafe; WC,0,0,Yes,630403d9fa6010ec96bcca9b,https://edm.ayna.gov.az/,2025-12-18T20:12:21.439678
AYNA (Gov),H2O express avto yuma (Ganja),"28 May 33, Gəncə, Gəncə, Azərbaycan, AZ2024",Gəncə,40.682602599999996,46.330856000000004,,Three Phase,,0,0,Yes,630405f8fa6010ec96bcca9e,https://edm.ayna.gov.az/,2025-12-18T20:12:21.439694
AYNA (Gov),Park Market,"Bəxtiyar Vahabzadə Xan Yaylağı zirvəsi, Şəki, Şəki, Azərbaycan, AZ5505",Şəki,41.24397529999999,47.201173,,Wall,,0,0,Yes,63040698fa6010ec96bcca9f,https://edm.ayna.gov.az/,2025-12-18T20:12:21.439714
AYNA (Gov),AzPetrol Shamakhi,Azərbaycan,Azərbaycan,40.61309379999997,48.665698,,CSS Combo 1; CHAdeMO; Type 2 (Mennekes),,0,0,Yes,630404c0fa6010ec96bcca9c,https://edm.ayna.gov.az/,2025-12-18T20:12:21.439722
AYNA (Gov),Seki (Marxal),"Bəxtiyar Vahabzadə Xan Yaylağı zirvəsi, Şəki, Şəki, Azərbaycan, AZ5505",Şəki,41.243937402064404,47.20146059989928,,Wall (Euro),,0,0,Yes,63040725fa6010ec96bccaa0,https://edm.ayna.gov.az/,2025-12-18T20:12:21.439739
AYNA (Gov),Shahdag,"Laza kənd yolu 29 km, Laza, Qusar, Azərbaycan, AZ3827",Qusar,41.320000100000016,48.136651,,Type 2 (Mennekes),,0,0,Yes,630407b3fa6010ec96bccaa1,https://edm.ayna.gov.az/,2025-12-18T20:12:21.439755
AYNA (Gov),Petrol Pioneer (Qusar),"Çingiz Qurbanov 157, Qusar, Qusar, Azərbaycan, AZ3800",Qusar,41.4302582,48.440176,,Three Phase,,0,0,Yes,6304083dfa6010ec96bccaa2,https://edm.ayna.gov.az/,2025-12-18T20:12:21.439771
AYNA (Gov),Hadrut Qovşaq YS,Azərbaycan,Azərbaycan,39.51246960708585,47.050603945343255,0,CHAdeMO,Cafe; WC,0,0,Yes,66cecb50a77f2d845324dd38,https://edm.ayna.gov.az/,2025-12-18T20:12:21.439780
AYNA (Gov),Füzuli Rəqəmsal YS (Zəfər yolu),Füzuli,Füzuli,39.596912727286394,47.15329157917196,0,CSS Combo 1,Cafe; WC,0,0,Yes,66ceceb2e307912f0379d55c,https://edm.ayna.gov.az/,2025-12-18T20:12:21.439791
AYNA (Gov),Cəbrayıl YS,Cəbrayıl Azərbaycan,Cəbrayıl Azərbaycan,39.39372372014881,47.03076768559836,0,CHAdeMO,Cafe; WC,0,0,Yes,66ced187a77f2d845324dd39,https://edm.ayna.gov.az/,2025-12-18T20:12:21.439808
AYNA (Gov),Şuşa 8 YS,Şuşa (Zəfər küçəsi),Şuşa (Zəfər küçəsi),39.760947549480335,46.740522371935185,0,Caravan Mains Socket; CSS Combo 1; CSS Combo 2; CHAdeMO; Commando; GB/T; GB/T 2; NEMA 14-50; NEMA TT-30; Tesla; Tesla (Fast); Tesla (Roadster); Three Phase; Type 1 (J1772); Type 2 (Mennekes); Type 3; Type 3A; Wall; Wall (AU/NZ); Wall (BS1363); Wall (Euro),Cafe; WC,0,0,Yes,66ced49ce307912f0379d55e,https://edm.ayna.gov.az/,2025-12-18T20:12:21.439824
AYNA (Gov),Xocalı YS,Xocalı Azərbaycan,Xocalı Azərbaycan,39.91466762744767,46.81063615834515,0,CSS Combo 1,Cafe; WC,0,0,Yes,66ced628a5ab6aafb9d7ff57,https://edm.ayna.gov.az/,2025-12-18T20:12:21.439838
AYNA (Gov),Zəngilan YS,Zəngilan Azərbaycan,Zəngilan Azərbaycan,39.08357449257869,46.65770554358531,0,CHAdeMO,Cafe; WC,0,0,Yes,66ced82ea77f2d845324dd3b,https://edm.ayna.gov.az/,2025-12-18T20:12:21.439850
AYNA (Gov),"""Zabux"" SES",Zabux Azərbaycan,Zabux Azərbaycan,39.59453566703746,46.53470720673971,0,CSS Combo 1,Cafe; WC,0,0,Yes,66cedc26a77f2d845324dd3c,https://edm.ayna.gov.az/,2025-12-18T20:12:21.439862
AYNA (Gov),"Salyan ""Yolüstü"" restoranı",Ələt-Astara yolunun 71 km (Astara istiqamətində),Ələt-Astara,39.53216593006695,48.82090450297548,0,CHAdeMO,Cafe; WC,2,0,Yes,66d0138de307912f0379d564,https://edm.ayna.gov.az/,2025-12-18T20:12:21.439877
AYNA (Gov),Sumqayıt Yaşma qəsəbəsi,Bakı - Quba ödənişli avtomobil yolunun girişi Bakı - Quba ödənişli avtomobil yolunun girişi,Bakı - Quba ödənişli avtomobil yolunun girişi Bakı - Quba ödənişli avtomobil yolunun girişi,40.68258527491969,49.503312714252786,-,Type 2 (Mennekes),Cafe; WC,1,-,Yes,66d015d9e307912f0379d566,https://edm.ayna.gov.az/,2025-12-18T20:12:21.439895
AYNA (Gov),"Salyan ""Yolüstü"" restoranı",Ələt-Astara yolunun 71 km (Astara istiqamətində),Ələt-Astara,39.53291621004979,48.82018959334951,0,Caravan Mains Socket; CSS Combo 1; CSS Combo 2; CHAdeMO; Commando; GB/T; GB/T 2; NEMA 14-50; NEMA TT-30; Tesla; Tesla (Fast); Tesla (Roadster); Three Phase; Type 1 (J1772); Type 2 (Mennekes); Type 3; Type 3A; Wall; Wall (AU/NZ); Wall (BS1363); Wall (Euro),Cafe; WC,2,0,Yes,66d0177fa77f2d845324dd3f,https://edm.ayna.gov.az/,2025-12-18T20:12:21.439912
AYNA (Gov),"Qəbələ ""Qəbələ"" 110/35/10 kV-luq YS",Qəbələ şəhəri,Qəbələ,40.84721689359955,47.732980828197185,-,Caravan Mains Socket; CSS Combo 1; CSS Combo 2; CHAdeMO; Commando; GB/T; GB/T 2; NEMA 14-50; NEMA TT-30; Tesla; Tesla (Fast); Tesla (Roadster); Three Phase; Type 1 (J1772); Type 2 (Mennekes); Type 3; Type 3A; Wall; Wall (AU/NZ); Wall (BS1363); Wall (Euro),Cafe; WC,-,-,Yes,66d01ab7a5ab6aafb9d7ff59,https://edm.ayna.gov.az/,2025-12-18T20:12:21.439927
AYNA (Gov),Yevlax SCADA İdarəetmə Mərkəzi (35/10 kV-luq YS),Yevlax şəhəri,Yevlax,40.6319113910954,46.993727970197114,-,Caravan Mains Socket; CSS Combo 1; CSS Combo 2; CHAdeMO; Commando; GB/T; GB/T 2; NEMA 14-50; NEMA TT-30; Tesla; Tesla (Fast); Tesla (Roadster); Three Phase; Type 1 (J1772); Type 2 (Mennekes); Type 3; Type 3A; Wall; Wall (AU/NZ); Wall (BS1363); Wall (Euro),Cafe; WC,-,-,Yes,66d02020a77f2d845324dd41,https://edm.ayna.gov.az/,2025-12-18T20:12:21.439940
AYNA (Gov),"""Dağlıq"" YS","Seyid Cəfər Pişəvəri, Nəsimi, Bakı, Azərbaycan, AZ1102",Bakı,40.40458797044974,49.81339374589362,-,Caravan Mains Socket; CSS Combo 1; CSS Combo 2; CHAdeMO; Commando; GB/T; GB/T 2; NEMA 14-50; NEMA TT-30; Tesla; Tesla (Fast); Tesla (Roadster); Three Phase; Type 1 (J1772); Type 2 (Mennekes); Type 3; Type 3A; Wall; Wall (AU/NZ); Wall (BS1363); Wall (Euro),Cafe; WC,2,-,Yes,66d0219fe307912f0379d568,https://edm.ayna.gov.az/,2025-12-18T20:12:21.439961
AYNA (Gov),"Nizami ""Neftçilər"" metrosunun (Sputnik) yaxınlığı",Qara Qarayev 230 küçəsi,Qara,40.413278898664885,49.94066317566936,-,Caravan Mains Socket; CSS Combo 1; CSS Combo 2; CHAdeMO; Commando; GB/T; GB/T 2; NEMA 14-50; NEMA TT-30; Tesla; Tesla (Fast); Tesla (Roadster); Three Phase; Type 1 (J1772); Type 2 (Mennekes); Type 3; Type 3A; Wall; Wall (AU/NZ); Wall (BS1363); Wall (Euro),Cafe; WC,2,-,Yes,66d022eca77f2d845324dd42,https://edm.ayna.gov.az/,2025-12-18T20:12:21.439979
AYNA (Gov),Xəzər Rasim İmanov 23,"""Manqal"" restoranın yaxınlığı","""Manqal"" restoranın yaxınlığı",40.528255907668694,50.09753939270644,-,Caravan Mains Socket; CSS Combo 1; CSS Combo 2; CHAdeMO; Commando; GB/T; GB/T 2; NEMA 14-50; NEMA TT-30; Tesla; Tesla (Fast); Tesla (Roadster); Three Phase; Type 1 (J1772); Type 2 (Mennekes); Type 3; Type 3A; Wall; Wall (AU/NZ); Wall (BS1363); Wall (Euro),Cafe; WC,2,-,Yes,66d023b6e307912f0379d569,https://edm.ayna.gov.az/,2025-12-18T20:12:21.439995
AYNA (Gov),"Xətai ""Ağ şəhər-2"" YS",Kənd Təsərrufatı Nazirliyinin yaxınlığı,Kənd Təsərrufatı Nazirliyinin yaxınlığı,40.38521411875831,49.879083163493334,-,Caravan Mains Socket; CSS Combo 1; CSS Combo 2; CHAdeMO; Commando; GB/T; GB/T 2; NEMA 14-50; NEMA TT-30; Tesla; Tesla (Fast); Tesla (Roadster); Three Phase; Type 1 (J1772); Type 2 (Mennekes); Type 3; Type 3A; Wall; Wall (AU/NZ); Wall (BS1363); Wall (Euro),Cafe; WC,-,-,Yes,66d024c2e307912f0379d56b,https://edm.ayna.gov.az/,2025-12-18T20:12:21.440013
AYNA (Gov),"Xətai ""Ağ şəhər-1"" YS","8 Noyabr, Xətai, Bakı, Azərbaycan, AZ1025",Bakı,40.37813044914182,49.89751632898651,-,Caravan Mains Socket; CSS Combo 1; CSS Combo 2; CHAdeMO; Commando; GB/T; GB/T 2; NEMA 14-50; NEMA TT-30; Tesla; Tesla (Fast); Tesla (Roadster); Three Phase; Type 1 (J1772); Type 2 (Mennekes); Type 3; Type 3A; Wall; Wall (AU/NZ); Wall (BS1363); Wall (Euro),Cafe; WC,-,-,Yes,66d025c8a5ab6aafb9d7ff5d,https://edm.ayna.gov.az/,2025-12-18T20:12:21.440032
AYNA (Gov),"Sabunçu ""Sea Breeze"" yaşayış kompleksinin parkinq ərazisi","""Sea Breeze"" yaşayış kompleksinin ərazisi","""Sea Breeze"" yaşayış kompleksinin ərazisi",40.59159713758291,49.98607275586215,-,Caravan Mains Socket; CSS Combo 1; CSS Combo 2; CHAdeMO; Commando; GB/T; GB/T 2; NEMA 14-50; NEMA TT-30; Tesla; Tesla (Fast); Tesla (Roadster); Three Phase; Type 1 (J1772); Type 2 (Mennekes); Type 3; Type 3A; Wall; Wall (AU/NZ); Wall (BS1363); Wall (Euro),Cafe; WC,-,-,Yes,66d02e15e307912f0379d56d,https://edm.ayna.gov.az/,2025-12-18T20:12:21.440049
AYNA (Gov),"Sabunçu ""Sea Breeze"" 110/35 kV YS","""Sea Breeze"" Landau yaşayış kompleksinin ərazisi","""Sea Breeze"" Landau yaşayış kompleksinin ərazisi",40.56757931894953,49.94225694742434,-,Caravan Mains Socket; CSS Combo 1; CSS Combo 2; CHAdeMO; Commando; GB/T; GB/T 2; NEMA 14-50; NEMA TT-30; Tesla; Tesla (Fast); Tesla (Roadster); Three Phase; Type 1 (J1772); Type 2 (Mennekes); Type 3; Type 3A; Wall; Wall (AU/NZ); Wall (BS1363); Wall (Euro),Cafe; WC,-,-,Yes,66d03097a5ab6aafb9d7ff60,https://edm.ayna.gov.az/,2025-12-18T20:12:21.440069
AYNA (Gov),Yasamal 120 saylı YS,"Şəfaət Mehdiyev, Yasamal, Bakı, Azərbaycan, AZ1065",Bakı,40.37831114068757,49.81726618639104,-,Caravan Mains Socket; CSS Combo 1; CSS Combo 2; CHAdeMO; Commando; GB/T; GB/T 2; NEMA 14-50; NEMA TT-30; Tesla; Tesla (Fast); Tesla (Roadster); Three Phase; Type 1 (J1772); Type 2 (Mennekes); Type 3; Type 3A; Wall; Wall (AU/NZ); Wall (BS1363); Wall (Euro),Cafe; WC,2,-,Yes,66d03334e307912f0379d56e,https://edm.ayna.gov.az/,2025-12-18T20:12:21.440091
AYNA (Gov),"Səbail ""Liman"" YS","""Ağ şəhər bulvarı""-nın dairəsi","""Ağ şəhər bulvarı""-nın dairəsi",40.37551029537107,49.863749693211645,-,Caravan Mains Socket; CSS Combo 1; CSS Combo 2; CHAdeMO; Commando; GB/T; GB/T 2; NEMA 14-50; NEMA TT-30; Tesla; Tesla (Fast); Tesla (Roadster); Three Phase; Type 1 (J1772); Type 2 (Mennekes); Type 3; Type 3A; Wall; Wall (AU/NZ); Wall (BS1363); Wall (Euro),Cafe; WC,-,-,Yes,66d03506e307912f0379d56f,https://edm.ayna.gov.az/,2025-12-18T20:12:21.440113
AYNA (Gov),Nizami küçəsi 111,"""Landmark"" BM-nin yaxınlığı","""Landmark"" BM-nin yaxınlığı",40.37632917584392,49.850916371229374,-,Caravan Mains Socket; CSS Combo 1; CSS Combo 2; CHAdeMO; Commando; GB/T; GB/T 2; NEMA 14-50; NEMA TT-30; Tesla; Tesla (Fast); Tesla (Roadster); Three Phase; Type 1 (J1772); Type 2 (Mennekes); Type 3; Type 3A; Wall; Wall (AU/NZ); Wall (BS1363); Wall (Euro),Cafe; WC,2,-,Yes,66d03659e307912f0379d570,https://edm.ayna.gov.az/,2025-12-18T20:12:21.440130
AYNA (Gov),Nərimanov Atatürk Parkı,"Atatürk, Nərimanov, Bakı, Azərbaycan, AZ1110",Bakı,40.40123232536831,49.850690554734314,-,Caravan Mains Socket; CSS Combo 1; CSS Combo 2; CHAdeMO; Commando; GB/T; GB/T 2; NEMA 14-50; NEMA TT-30; Tesla; Tesla (Fast); Tesla (Roadster); Three Phase; Type 1 (J1772); Type 2 (Mennekes); Type 3; Type 3A; Wall; Wall (AU/NZ); Wall (BS1363); Wall (Euro),Cafe; WC,2,-,Yes,66d05167a77f2d845324dd46,https://edm.ayna.gov.az/,2025-12-18T20:12:21.440150
AYNA (Gov),Nərimanov 215 saylı YS,"Aşıq Molla Cümə, Nərimanov, Bakı, Azərbaycan, AZ1052",Bakı,40.40444615960712,49.86274141185527,-,Caravan Mains Socket; CSS Combo 1; CSS Combo 2; CHAdeMO; Commando; GB/T; GB/T 2; NEMA 14-50; NEMA TT-30; Tesla; Tesla (Fast); Tesla (Roadster); Three Phase; Type 1 (J1772); Type 2 (Mennekes); Type 3; Type 3A; Wall; Wall (AU/NZ); Wall (BS1363); Wall (Euro),Cafe; WC,2,-,Yes,66d051fea77f2d845324dd47,https://edm.ayna.gov.az/,2025-12-18T20:12:21.440172
AYNA (Gov),"Nərimanov ""McDonald's"" Gənclik",Vaqif pr. Atatürk pr. kəsişməsi,Vaqif pr. Atatürk pr. kəsişməsi,40.3992218845942,49.84961624949207,-,Caravan Mains Socket; CSS Combo 1; CSS Combo 2; CHAdeMO; Commando; GB/T; GB/T 2; NEMA 14-50; NEMA TT-30; Tesla; Tesla (Fast); Tesla (Roadster); Three Phase; Type 1 (J1772); Type 2 (Mennekes); Type 3; Type 3A; Wall; Wall (AU/NZ); Wall (BS1363); Wall (Euro),Cafe; WC,2,-,Yes,66d05440a5ab6aafb9d7ff62,https://edm.ayna.gov.az/,2025-12-18T20:12:21.440188
AYNA (Gov),"Səbail ""Içərişəhər"" YS","Neftçilər, Səbail, Bakı, Azərbaycan, AZ1000",Bakı,40.35729621047173,49.833833626090154,-,Caravan Mains Socket; CSS Combo 1; CSS Combo 2; CHAdeMO; Commando; GB/T; GB/T 2; NEMA 14-50; NEMA TT-30; Tesla; Tesla (Fast); Tesla (Roadster); Three Phase; Type 1 (J1772); Type 2 (Mennekes); Type 3; Type 3A; Wall; Wall (AU/NZ); Wall (BS1363); Wall (Euro),Cafe; WC,-,-,Yes,66d054e0e307912f0379d575,https://edm.ayna.gov.az/,2025-12-18T20:12:21.440207
AYNA (Gov),Nərimanov Tədris və İnnovasiyalar Mərkəzi,"""ADA Universiteti""nin yaxınlığı","""ADA Universiteti""nin yaxınlığı",40.39877180394208,49.84980724599072,-,Caravan Mains Socket; CSS Combo 1; CSS Combo 2; CHAdeMO; Commando; GB/T; GB/T 2; NEMA 14-50; NEMA TT-30; Tesla; Tesla (Fast); Tesla (Roadster); Three Phase; Type 1 (J1772); Type 2 (Mennekes); Type 3; Type 3A; Wall; Wall (AU/NZ); Wall (BS1363); Wall (Euro),Cafe; WC,2,-,Yes,66d0557da5ab6aafb9d7ff64,https://edm.ayna.gov.az/,2025-12-18T20:12:21.440224
AYNA (Gov),Xəzər Gala Shopping Mall,"Mərdəkan, Xəzər, Bakı, Azərbaycan, AZ1151",Bakı,40.46993326006111,50.10085214373413,-,Caravan Mains Socket; CSS Combo 1; CSS Combo 2; CHAdeMO; Commando; GB/T; GB/T 2; NEMA 14-50; NEMA TT-30; Tesla; Tesla (Fast); Tesla (Roadster); Three Phase; Type 1 (J1772); Type 2 (Mennekes); Type 3; Type 3A; Wall; Wall (AU/NZ); Wall (BS1363); Wall (Euro),Cafe; WC,1,-,Yes,66d05652e307912f0379d576,https://edm.ayna.gov.az/,2025-12-18T20:12:21.440248
AYNA (Gov),"Səbail ""Dalğa Plaza"" parklanma ərazisi","Neftçilər, Səbail, Bakı, Azərbaycan, AZ1000",Bakı,40.35791714860835,49.835290037873165,-,Caravan Mains Socket; CSS Combo 1; CSS Combo 2; CHAdeMO; Commando; GB/T; GB/T 2; NEMA 14-50; NEMA TT-30; Tesla; Tesla (Fast); Tesla (Roadster); Three Phase; Type 1 (J1772); Type 2 (Mennekes); Type 3; Type 3A; Wall; Wall (AU/NZ); Wall (BS1363); Wall (Euro),Cafe; WC,-,-,Yes,66d06677a77f2d845324dd4a,https://edm.ayna.gov.az/,2025-12-18T20:12:21.440268
AYNA (Gov),"Səbail ""Park Bulvar"" parklanma ərazisi","Neftçilər pr. 42, Səbail, Bakı, Azərbaycan, AZ1000",Bakı,40.37110660681958,49.84933755151101,-,Caravan Mains Socket; CSS Combo 1; CSS Combo 2; CHAdeMO; Commando; GB/T; GB/T 2; NEMA 14-50; NEMA TT-30; Tesla; Tesla (Fast); Tesla (Roadster); Three Phase; Type 1 (J1772); Type 2 (Mennekes); Type 3; Type 3A; Wall; Wall (AU/NZ); Wall (BS1363); Wall (Euro),Cafe; WC,-,-,Yes,66d067b7a77f2d845324dd4b,https://edm.ayna.gov.az/,2025-12-18T20:12:21.440289
AYNA (Gov),Gəncə  Gəncə Qalası Mall,"Şeyx Bahəyəddin, Gəncə, Gəncə, Azərbaycan, AZ2003",Gəncə,40.67834933656883,46.3649740267426,-,Caravan Mains Socket; CSS Combo 1; CSS Combo 2; CHAdeMO; Commando; GB/T; GB/T 2; NEMA 14-50; NEMA TT-30; Tesla; Tesla (Fast); Tesla (Roadster); Three Phase; Type 1 (J1772); Type 2 (Mennekes); Type 3; Type 3A; Wall; Wall (AU/NZ); Wall (BS1363); Wall (Euro),Cafe; WC,-,-,Yes,66d068f6a5ab6aafb9d7ff68,https://edm.ayna.gov.az/,2025-12-18T20:12:21.440310
AYNA (Gov),"Səbail ""İnturist"" hotel parklanma","Mikayıl Useynov 51, Səbail, Bakı, Azərbaycan, AZ1000",Bakı,40.354170726773305,49.833705631575725,-,Caravan Mains Socket; CSS Combo 1; CSS Combo 2; CHAdeMO; Commando; GB/T; GB/T 2; NEMA 14-50; NEMA TT-30; Tesla; Tesla (Fast); Tesla (Roadster); Three Phase; Type 1 (J1772); Type 2 (Mennekes); Type 3; Type 3A; Wall; Wall (AU/NZ); Wall (BS1363); Wall (Euro),Cafe; WC,-,-,Yes,66d06a23a5ab6aafb9d7ff6a,https://edm.ayna.gov.az/,2025-12-18T20:12:21.440330
AYNA (Gov),Yasamal Bakı Mall ticarət mərkəzi,"Həsən bəy Zərdabi, Yasamal, Bakı, Azərbaycan, AZ1122",Bakı,40.39007563686232,49.806944017560824,-,Caravan Mains Socket; CSS Combo 1; CSS Combo 2; CHAdeMO; Commando; GB/T; GB/T 2; NEMA 14-50; NEMA TT-30; Tesla; Tesla (Fast); Tesla (Roadster); Three Phase; Type 1 (J1772); Type 2 (Mennekes); Type 3; Type 3A; Wall; Wall (AU/NZ); Wall (BS1363); Wall (Euro),Cafe; WC,1,-,Yes,66d06ae8a5ab6aafb9d7ff6b,https://edm.ayna.gov.az/,2025-12-18T20:12:21.440351
AYNA (Gov),Yasamal Zefir Mall Ticarət Mərkəzi,"Xarici Dairəvi, Yasamal, Bakı, Azərbaycan, AZ1138",Bakı,40.37589516453875,49.793480216374604,-,Caravan Mains Socket; CSS Combo 1; CSS Combo 2; CHAdeMO; Commando; GB/T; GB/T 2; NEMA 14-50; NEMA TT-30; Tesla; Tesla (Fast); Tesla (Roadster); Three Phase; Type 1 (J1772); Type 2 (Mennekes); Type 3; Type 3A; Wall; Wall (AU/NZ); Wall (BS1363); Wall (Euro),Cafe; WC,1,-,Yes,66d06b7de307912f0379d578,https://edm.ayna.gov.az/,2025-12-18T20:12:21.440371
AYNA (Gov),Nəsimi Bravo Supermarketin yaxınlığı,"Füzuli, Nəsimi, Bakı, Azərbaycan, AZ1009",Bakı,40.376841382945116,49.835758225155274,-,Caravan Mains Socket; CSS Combo 1; CSS Combo 2; CHAdeMO; Commando; GB/T; GB/T 2; NEMA 14-50; NEMA TT-30; Tesla; Tesla (Fast); Tesla (Roadster); Three Phase; Type 1 (J1772); Type 2 (Mennekes); Type 3; Type 3A; Wall; Wall (AU/NZ); Wall (BS1363); Wall (Euro),Cafe; WC,2,-,Yes,66d06c36a77f2d845324dd4c,https://edm.ayna.gov.az/,2025-12-18T20:12:21.440390
AYNA (Gov),"Quba H.Əliyev pr., Azpetrol YDM ərazisi","Heydər Əliyev, Quba, Quba, Azərbaycan, AZ4000",Quba,41.36365584251726,48.54815368898079,-,Caravan Mains Socket; CSS Combo 1; CSS Combo 2; CHAdeMO; Commando; GB/T; GB/T 2; NEMA 14-50; NEMA TT-30; Tesla; Tesla (Fast); Tesla (Roadster); Three Phase; Type 1 (J1772); Type 2 (Mennekes); Type 3; Type 3A; Wall; Wall (AU/NZ); Wall (BS1363); Wall (Euro),Cafe; WC,-,-,Yes,66d16c1aa77f2d845324dd4f,https://edm.ayna.gov.az/,2025-12-18T20:12:21.440410
AYNA (Gov),"Şamaxı ""Abqora"" restoranı",Bakı-Şamaxı-Yevlax yolu,Bakı-Şamaxı-Yevlax yolu,40.64407832623169,48.58531447460433,-,Caravan Mains Socket; CSS Combo 1; CSS Combo 2; CHAdeMO; Commando; GB/T; GB/T 2; NEMA 14-50; NEMA TT-30; Tesla; Tesla (Fast); Tesla (Roadster); Three Phase; Type 1 (J1772); Type 2 (Mennekes); Type 3; Type 3A; Wall; Wall (AU/NZ); Wall (BS1363); Wall (Euro),Cafe; WC,-,-,Yes,66d16f81a5ab6aafb9d7ff6d,https://edm.ayna.gov.az/,2025-12-18T20:12:21.440429
AYNA (Gov),"""Qəbələ"" 110/35/10 kV-luq YS","İsmayıl bəy Qutqaşınlı, Qəbələ, Qəbələ, Azərbaycan, AZ3600",Qəbələ,41.00718544149504,47.885316120368,-,Caravan Mains Socket; CSS Combo 1; CSS Combo 2; CHAdeMO; Commando; GB/T; GB/T 2; NEMA 14-50; NEMA TT-30; Tesla; Tesla (Fast); Tesla (Roadster); Three Phase; Type 1 (J1772); Type 2 (Mennekes); Type 3; Type 3A; Wall; Wall (AU/NZ); Wall (BS1363); Wall (Euro),Cafe; WC,-,-,Yes,66d1737ba77f2d845324dd51,https://edm.ayna.gov.az/,2025-12-18T20:12:21.440450
AYNA (Gov),Tovuz Asan Xidmət Mərkəzi,Tovuz Aşağı Quşçu kəndi,Tovuz Aşağı Quşçu kəndi,40.98208498462148,45.65672763914287,-,Caravan Mains Socket; CSS Combo 1; CSS Combo 2; CHAdeMO; Commando; GB/T; GB/T 2; NEMA 14-50; NEMA TT-30; Tesla; Tesla (Fast); Tesla (Roadster); Three Phase; Type 1 (J1772); Type 2 (Mennekes); Type 3; Type 3A; Wall; Wall (AU/NZ); Wall (BS1363); Wall (Euro),Cafe; WC,-,-,Yes,66d17601a77f2d845324dd52,https://edm.ayna.gov.az/,2025-12-18T20:12:21.440465
AYNA (Gov),"Göygöl ""Hacıməlik"" YS","Səməd bəy Mehmandarov, Hacıməlik, Göygöl, Azərbaycan, AZ2514",Göygöl,40.635346912931396,46.40496147180653,-,Caravan Mains Socket; CSS Combo 1; CSS Combo 2; CHAdeMO; Commando; GB/T; GB/T 2; NEMA 14-50; NEMA TT-30; Tesla; Tesla (Fast); Tesla (Roadster); Three Phase; Type 1 (J1772); Type 2 (Mennekes); Type 3; Type 3A; Wall; Wall (AU/NZ); Wall (BS1363); Wall (Euro),Cafe; WC,-,-,Yes,66d177e8a77f2d845324dd53,https://edm.ayna.gov.az/,2025-12-18T20:12:21.440488
AYNA (Gov),"Hacıqabul ""Qədirxum"" restoranı","Bakı - Qazax yolu, Hacıqabul şəhəri",Hacıqabul,40.01954603783361,48.95429198427877,-,Caravan Mains Socket; CSS Combo 1; CSS Combo 2; CHAdeMO; Commando; GB/T; GB/T 2; NEMA 14-50; NEMA TT-30; Tesla; Tesla (Fast); Tesla (Roadster); Three Phase; Type 1 (J1772); Type 2 (Mennekes); Type 3; Type 3A; Wall; Wall (AU/NZ); Wall (BS1363); Wall (Euro),Cafe; WC,1,-,Yes,66d17928e307912f0379d57d,https://edm.ayna.gov.az/,2025-12-18T20:12:21.440506
AYNA (Gov),Yevlax SCADA İdarəetmə Mərkəzi (35/10 kV-luq YS),"Dilqəm Pişəvəri, Yevlax, Yevlax, Azərbaycan, AZ6600",Yevlax,40.61961447501079,47.1493910729115,-,Caravan Mains Socket; CSS Combo 1; CSS Combo 2; CHAdeMO; Commando; GB/T; GB/T 2; NEMA 14-50; NEMA TT-30; Tesla; Tesla (Fast); Tesla (Roadster); Three Phase; Type 1 (J1772); Type 2 (Mennekes); Type 3; Type 3A; Wall; Wall (AU/NZ); Wall (BS1363); Wall (Euro),Cafe; WC,-,-,Yes,66d17ceda77f2d845324dd54,https://edm.ayna.gov.az/,2025-12-18T20:12:21.440525
AYNA (Gov),Koroğlu yeni HUB,Baku-Azerbaijan,Baku-Azerbaijan,40.41990375009891,49.918260304194604,0,Caravan Mains Socket; CSS Combo 1; CSS Combo 2; CHAdeMO; Commando; GB/T; GB/T 2; NEMA 14-50; NEMA TT-30; Tesla; Tesla (Fast); Tesla (Roadster); Three Phase; Type 1 (J1772); Type 2 (Mennekes); Type 3; Type 3A; Wall; Wall (AU/NZ); Wall (BS1363); Wall (Euro),Cafe; WC,6,0,Yes,66daee7374a81c3337212633,https://edm.ayna.gov.az/,2025-12-18T20:12:21.440543
AYNA (Gov),Zığ qəsəbəsi - Depo,"Zığ şosesi, Zığ, Suraxanı, Bakı, Azərbaycan, AZ1091",Bakı,40.36751597007506,49.99110425555688,0,Caravan Mains Socket; CSS Combo 1; CSS Combo 2; CHAdeMO; Commando; GB/T; GB/T 2; NEMA 14-50; NEMA TT-30; Tesla; Tesla (Fast); Tesla (Roadster); Three Phase; Type 1 (J1772); Type 2 (Mennekes); Type 3; Type 3A; Wall; Wall (AU/NZ); Wall (BS1363); Wall (Euro),Cafe; WC,1,0,Yes,66daef108d722bff960f5a8f,https://edm.ayna.gov.az/,2025-12-18T20:12:21.440571
AYNA (Gov),Dərnəgül metrosu,"Dərnəgül, Binəqədi, Bakı, Azərbaycan, AZ1115",Bakı,40.42494693171483,49.861517647762014,0,Caravan Mains Socket; CSS Combo 1; CSS Combo 2; CHAdeMO; Commando; GB/T; GB/T 2; NEMA 14-50; NEMA TT-30; Tesla; Tesla (Fast); Tesla (Roadster); Three Phase; Type 1 (J1772); Type 2 (Mennekes); Type 3; Type 3A; Wall; Wall (AU/NZ); Wall (BS1363); Wall (Euro),Cafe; WC,4,0,Yes,66daef8174a81c3337212634,https://edm.ayna.gov.az/,2025-12-18T20:12:21.440589
AYNA (Gov),Dərnəgül m/s,"Dərnəgül, Binəqədi, Bakı, Azərbaycan, AZ1115",Bakı,40.42544993027474,49.86018376290184,0,Caravan Mains Socket; CSS Combo 1; CSS Combo 2; CHAdeMO; Commando; GB/T; GB/T 2; NEMA 14-50; NEMA TT-30; Tesla; Tesla (Fast); Tesla (Roadster); Three Phase; Type 1 (J1772); Type 2 (Mennekes); Type 3; Type 3A; Wall; Wall (AU/NZ); Wall (BS1363); Wall (Euro),Cafe; WC,2,0,Yes,66daefe2a5ab6aafb9d7ff76,https://edm.ayna.gov.az/,2025-12-18T20:12:21.440609
AYNA (Gov),28 May m/s,"Puşkin, Nəsimi, Bakı, Azərbaycan, AZ1010",Bakı,40.37978040232008,49.8512665442685,0,Caravan Mains Socket; CSS Combo 1; CSS Combo 2; CHAdeMO; Commando; GB/T; GB/T 2; NEMA 14-50; NEMA TT-30; Tesla; Tesla (Fast); Tesla (Roadster); Three Phase; Type 1 (J1772); Type 2 (Mennekes); Type 3; Type 3A; Wall; Wall (AU/NZ); Wall (BS1363); Wall (Euro),Cafe; WC,4,0,Yes,66daf077a5ab6aafb9d7ff77,https://edm.ayna.gov.az/,2025-12-18T20:12:21.440628
AYNA (Gov),Avtovağzal,Bakı Beynəlxalq Avtovağzal Kompleksi,Bakı Beynəlxalq Avtovağzal Kompleksi,40.417773227651736,49.79639778357094,0,Caravan Mains Socket; CSS Combo 1; CSS Combo 2; CHAdeMO; Commando; GB/T; GB/T 2; NEMA 14-50; NEMA TT-30; Tesla; Tesla (Fast); Tesla (Roadster); Three Phase; Type 1 (J1772); Type 2 (Mennekes); Type 3; Type 3A; Wall; Wall (AU/NZ); Wall (BS1363); Wall (Euro),Cafe; WC,6,0,Yes,66daf107a5ab6aafb9d7ff79,https://edm.ayna.gov.az/,2025-12-18T20:12:21.440644
AYNA (Gov),"""Socar Petrolium"" Dübəndi","Dübəndi, Qala, Xəzər, Bakı, Azərbaycan, AZ1046",Bakı,40.43008231018993,50.19326836546483,0,Caravan Mains Socket; CSS Combo 1; CSS Combo 2; CHAdeMO; Commando; GB/T; GB/T 2; NEMA 14-50; NEMA TT-30; Tesla; Tesla (Fast); Tesla (Roadster); Three Phase; Type 1 (J1772); Type 2 (Mennekes); Type 3; Type 3A; Wall; Wall (AU/NZ); Wall (BS1363); Wall (Euro),Cafe; WC,1,0,Yes,676a5a658d722bff960f5a9a,https://edm.ayna.gov.az/,2025-12-18T20:12:21.440665
AYNA (Gov),ŞüvəlanPark,"Almas İldırım, Şüvəlan, Xəzər, Bakı, Azərbaycan, AZ1150",Bakı,40.484783048139946,50.18433865805082,0,Caravan Mains Socket; CSS Combo 1; CSS Combo 2; CHAdeMO; Commando; GB/T; GB/T 2; NEMA 14-50; NEMA TT-30; Tesla; Tesla (Fast); Tesla (Roadster); Three Phase; Type 1 (J1772); Type 2 (Mennekes); Type 3; Type 3A; Wall; Wall (AU/NZ); Wall (BS1363); Wall (Euro),Cafe; WC,2,0,Yes,676a5b76ca56a6ac330c7e66,https://edm.ayna.gov.az/,2025-12-18T20:12:21.440689
AYNA (Gov),Tamstore Buzovna,"Heydər Eyvazov, Buzovna, Xəzər, Bakı, Azərbaycan, AZ1041",Bakı,40.518715674366746,50.10491155426274,0,Caravan Mains Socket; CSS Combo 1; CSS Combo 2; CHAdeMO; Commando; GB/T; GB/T 2; NEMA 14-50; NEMA TT-30; Tesla; Tesla (Fast); Tesla (Roadster); Three Phase; Type 1 (J1772); Type 2 (Mennekes); Type 3; Type 3A; Wall; Wall (AU/NZ); Wall (BS1363); Wall (Euro),Cafe; WC,2,0,Yes,676a5c25ca56a6ac330c7e67,https://edm.ayna.gov.az/,2025-12-18T20:12:21.440710
AYNA (Gov),Peugeoat Azərbaycan,"Babək, Xətai, Bakı, Azərbaycan, AZ1025",Bakı,40.389277971775954,49.87332614841699,,Caravan Mains Socket; CSS Combo 1; CSS Combo 2; CHAdeMO; Commando; GB/T; GB/T 2; NEMA 14-50; NEMA TT-30; Tesla; Tesla (Fast); Tesla (Roadster); Three Phase; Type 1 (J1772); Type 2 (Mennekes); Type 3; Type 3A; Wall; Wall (AU/NZ); Wall (BS1363); Wall (Euro),Cafe; WC,1,0,Yes,676a5c688d722bff960f5a9b,https://edm.ayna.gov.az/,2025-12-18T20:12:21.440731
AYNA (Gov),Socar Zığ şosesi,"Zığ şosesi, Yeni Suraxanı, Suraxanı, Bakı, Azərbaycan, AZ1050",Bakı,40.43270494405837,50.05842015886711,0,Caravan Mains Socket; CSS Combo 1; CSS Combo 2; CHAdeMO; Commando; GB/T; GB/T 2; NEMA 14-50; NEMA TT-30; Tesla; Tesla (Fast); Tesla (Roadster); Three Phase; Type 1 (J1772); Type 2 (Mennekes); Type 3; Type 3A; Wall; Wall (AU/NZ); Wall (BS1363); Wall (Euro),Cafe; WC,1,0,Yes,676a5ca9ca56a6ac330c7e68,https://edm.ayna.gov.az/,2025-12-18T20:12:21.440759
AYNA (Gov),Babək pr. 61c,"Babək, Xətai, Bakı, Azərbaycan, AZ1025",Bakı,40.38924159323591,49.8759070185919,,Caravan Mains Socket; CSS Combo 1; CSS Combo 2; CHAdeMO; Commando; GB/T; GB/T 2; NEMA 14-50; NEMA TT-30; Tesla; Tesla (Fast); Tesla (Roadster); Three Phase; Type 1 (J1772); Type 2 (Mennekes); Type 3; Type 3A; Wall; Wall (AU/NZ); Wall (BS1363); Wall (Euro),Cafe; WC,2,0,Yes,676a5d018d722bff960f5a9c,https://edm.ayna.gov.az/,2025-12-18T20:12:21.440777
AYNA (Gov),"Hövsan, Suraxanı","43-cü Hövsan, Hövsan, Suraxanı, Bakı, Azərbaycan, AZ1088",Bakı,40.36679339469683,50.08135358752844,0,Caravan Mains Socket; CSS Combo 1; CSS Combo 2; CHAdeMO; Commando; GB/T; GB/T 2; NEMA 14-50; NEMA TT-30; Tesla; Tesla (Fast); Tesla (Roadster); Three Phase; Type 1 (J1772); Type 2 (Mennekes); Type 3; Type 3A; Wall; Wall (AU/NZ); Wall (BS1363); Wall (Euro),Cafe; WC,1,0,Yes,676a5d1bca56a6ac330c7e69,https://edm.ayna.gov.az/,2025-12-18T20:12:21.440808
AYNA (Gov),Atilla idman kompleksi,"Samir Cəfərov, Yeni Günəşli, Suraxanı, Bakı, Azərbaycan, AZ1131",Bakı,40.381848216979165,49.984668171994656,0,Caravan Mains Socket; CSS Combo 1; CSS Combo 2; CHAdeMO; Commando; GB/T; GB/T 2; NEMA 14-50; NEMA TT-30; Tesla; Tesla (Fast); Tesla (Roadster); Three Phase; Type 1 (J1772); Type 2 (Mennekes); Type 3; Type 3A; Wall; Wall (AU/NZ); Wall (BS1363); Wall (Euro),Cafe; WC,1,0,Yes,676a5d9aa5ab6aafb9d7ff85,https://edm.ayna.gov.az/,2025-12-18T20:12:21.440832
AYNA (Gov),Toyota Bakı Mərkəzi,"Yeryomenko, Xətai, Bakı, Azərbaycan, AZ1025",Bakı,40.38585006777464,49.86744182023938,,Caravan Mains Socket; CSS Combo 1; CSS Combo 2; CHAdeMO; Commando; GB/T; GB/T 2; NEMA 14-50; NEMA TT-30; Tesla; Tesla (Fast); Tesla (Roadster); Three Phase; Type 1 (J1772); Type 2 (Mennekes); Type 3; Type 3A; Wall; Wall (AU/NZ); Wall (BS1363); Wall (Euro),Cafe; WC,1,0,Yes,676a5e8fa5ab6aafb9d7ff86,https://edm.ayna.gov.az/,2025-12-18T20:12:21.440851
AYNA (Gov),Grandmart Bakıxanov,"Bəşir Bünyadov, Bakıxanov, Sabunçu, Bakı, Azərbaycan, AZ1040",Bakı,40.42728466572055,49.939105726055345,0,Caravan Mains Socket; CSS Combo 1; CSS Combo 2; CHAdeMO; Commando; GB/T; GB/T 2; NEMA 14-50; NEMA TT-30; Tesla; Tesla (Fast); Tesla (Roadster); Three Phase; Type 1 (J1772); Type 2 (Mennekes); Type 3; Type 3A; Wall; Wall (AU/NZ); Wall (BS1363); Wall (Euro),Cafe; WC,1,0,Yes,676a5e90ca56a6ac330c7e6b,https://edm.ayna.gov.az/,2025-12-18T20:12:21.440874
AYNA (Gov),5 saylı DOST mərkəzi,"Mehdi Mehdizadə, Xətai, Bakı, Azərbaycan, AZ1025",Bakı,40.3813079695293,49.8677333162868,,Caravan Mains Socket; CSS Combo 1; CSS Combo 2; CHAdeMO; Commando; GB/T; GB/T 2; NEMA 14-50; NEMA TT-30; Tesla; Tesla (Fast); Tesla (Roadster); Three Phase; Type 1 (J1772); Type 2 (Mennekes); Type 3; Type 3A; Wall; Wall (AU/NZ); Wall (BS1363); Wall (Euro),Cafe; WC,2,0,Yes,676a5f31ca56a6ac330c7e6c,https://edm.ayna.gov.az/,2025-12-18T20:12:21.440894
AYNA (Gov),Fashion Avenue,"Afiyəddin Cəlilov, Xətai, Bakı, Azərbaycan, AZ1025",Bakı,40.37646800924094,49.86443417562475,,Caravan Mains Socket; CSS Combo 1; CSS Combo 2; CHAdeMO; Commando; GB/T; GB/T 2; NEMA 14-50; NEMA TT-30; Tesla; Tesla (Fast); Tesla (Roadster); Three Phase; Type 1 (J1772); Type 2 (Mennekes); Type 3; Type 3A; Wall; Wall (AU/NZ); Wall (BS1363); Wall (Euro),Cafe; WC,1,0,Yes,676a5fae8d722bff960f5a9d,https://edm.ayna.gov.az/,2025-12-18T20:12:21.440918
AYNA (Gov),Socar Olimpiya Stadionu,"Heydər Əliyev, Sabunçu, Sabunçu, Bakı, Azərbaycan, AZ1034",Bakı,40.43533731067163,49.93012643072629,0,Caravan Mains Socket; CSS Combo 1; CSS Combo 2; CHAdeMO; Commando; GB/T; GB/T 2; NEMA 14-50; NEMA TT-30; Tesla; Tesla (Fast); Tesla (Roadster); Three Phase; Type 1 (J1772); Type 2 (Mennekes); Type 3; Type 3A; Wall; Wall (AU/NZ); Wall (BS1363); Wall (Euro),Cafe; WC,1,0,Yes,676a603c8d722bff960f5a9e,https://edm.ayna.gov.az/,2025-12-18T20:12:21.440939
AYNA (Gov),ART coffee 2,8 Noyabr,8,40.37500521507897,49.86677992797394,,Caravan Mains Socket; CSS Combo 1; CSS Combo 2; CHAdeMO; Commando; GB/T; GB/T 2; NEMA 14-50; NEMA TT-30; Tesla; Tesla (Fast); Tesla (Roadster); Three Phase; Type 1 (J1772); Type 2 (Mennekes); Type 3; Type 3A; Wall; Wall (AU/NZ); Wall (BS1363); Wall (Euro),Cafe; WC,2,0,Yes,676a6076a5ab6aafb9d7ff87,https://edm.ayna.gov.az/,2025-12-18T20:12:21.440955
AYNA (Gov),Socar Aeroport yolu,"Heydər Əliyev, Sabunçu, Sabunçu, Bakı, Azərbaycan, AZ1034",Bakı,40.439630986527874,49.940121051801526,0,Caravan Mains Socket; CSS Combo 1; CSS Combo 2; CHAdeMO; Commando; GB/T; GB/T 2; NEMA 14-50; NEMA TT-30; Tesla; Tesla (Fast); Tesla (Roadster); Three Phase; Type 1 (J1772); Type 2 (Mennekes); Type 3; Type 3A; Wall; Wall (AU/NZ); Wall (BS1363); Wall (Euro),Cafe; WC,1,0,Yes,676a60f9ca56a6ac330c7e6d,https://edm.ayna.gov.az/,2025-12-18T20:12:21.440979
AYNA (Gov),Amay Ticarət Mərkəzi,"8 Noyabr, Xətai, Bakı, Azərbaycan, AZ1025",Bakı,40.379316314450705,49.879772659566754,,Caravan Mains Socket; CSS Combo 1; CSS Combo 2; CHAdeMO; Commando; GB/T; GB/T 2; NEMA 14-50; NEMA TT-30; Tesla; Tesla (Fast); Tesla (Roadster); Three Phase; Type 1 (J1772); Type 2 (Mennekes); Type 3; Type 3A; Wall; Wall (AU/NZ); Wall (BS1363); Wall (Euro),Cafe; WC,2,0,Yes,676a6117a5ab6aafb9d7ff88,https://edm.ayna.gov.az/,2025-12-18T20:12:21.440997
AYNA (Gov),AZPETROL,"8 Noyabr, Xətai, Bakı, Azərbaycan, AZ1025",Bakı,40.378967905047546,49.88266723206186,,Caravan Mains Socket; CSS Combo 1; CSS Combo 2; CHAdeMO; Commando; GB/T; GB/T 2; NEMA 14-50; NEMA TT-30; Tesla; Tesla (Fast); Tesla (Roadster); Three Phase; Type 1 (J1772); Type 2 (Mennekes); Type 3; Type 3A; Wall; Wall (AU/NZ); Wall (BS1363); Wall (Euro),Cafe; WC,1,0,Yes,676a6157a5ab6aafb9d7ff89,https://edm.ayna.gov.az/,2025-12-18T20:12:21.441018
AYNA (Gov),Socar Sabunçu dairəsi,"Maştağa, Sabunçu, Bakı, Azərbaycan, AZ1037",Bakı,40.50246394591545,49.97450618808779,0,Caravan Mains Socket; CSS Combo 1; CSS Combo 2; CHAdeMO; Commando; GB/T; GB/T 2; NEMA 14-50; NEMA TT-30; Tesla; Tesla (Fast); Tesla (Roadster); Three Phase; Type 1 (J1772); Type 2 (Mennekes); Type 3; Type 3A; Wall; Wall (AU/NZ); Wall (BS1363); Wall (Euro),Cafe; WC,1,0,Yes,676a6242ca56a6ac330c7e6e,https://edm.ayna.gov.az/,2025-12-18T20:12:21.441038
AYNA (Gov),Bakı Fransız Liseyi,"Xaqani Rüstəmov, Xətai, Bakı, Azərbaycan, AZ1025",Bakı,40.37804880437511,49.88184669418436,,Caravan Mains Socket; CSS Combo 1; CSS Combo 2; CHAdeMO; Commando; GB/T; GB/T 2; NEMA 14-50; NEMA TT-30; Tesla; Tesla (Fast); Tesla (Roadster); Three Phase; Type 1 (J1772); Type 2 (Mennekes); Type 3; Type 3A; Wall; Wall (AU/NZ); Wall (BS1363); Wall (Euro),Cafe; WC,5,0,Yes,676a624c8d722bff960f5a9f,https://edm.ayna.gov.az/,2025-12-18T20:12:21.441058
AYNA (Gov),Raffle Tower,"1-ci Park, Xətai, Bakı, Azərbaycan, AZ1025",Bakı,40.38269592183042,49.89198952430556,,Caravan Mains Socket; CSS Combo 1; CSS Combo 2; CHAdeMO; Commando; GB/T; GB/T 2; NEMA 14-50; NEMA TT-30; Tesla; Tesla (Fast); Tesla (Roadster); Three Phase; Type 1 (J1772); Type 2 (Mennekes); Type 3; Type 3A; Wall; Wall (AU/NZ); Wall (BS1363); Wall (Euro),Cafe; WC,1,0,Yes,676a632aa5ab6aafb9d7ff8a,https://edm.ayna.gov.az/,2025-12-18T20:12:21.441077
AYNA (Gov),Sea Breeze parking,"Nardaran, Sabunçu, Bakı, Azərbaycan, AZ1097",Bakı,40.59130897677599,49.98223769803744,0,Caravan Mains Socket; CSS Combo 1; CSS Combo 2; CHAdeMO; Commando; GB/T; GB/T 2; NEMA 14-50; NEMA TT-30; Tesla; Tesla (Fast); Tesla (Roadster); Three Phase; Type 1 (J1772); Type 2 (Mennekes); Type 3; Type 3A; Wall; Wall (AU/NZ); Wall (BS1363); Wall (Euro),Cafe; WC,0,0,Yes,676a642da5ab6aafb9d7ff8b,https://edm.ayna.gov.az/,2025-12-18T20:12:21.441095
AYNA (Gov),Aysun şadlıq sarayı,"Babək, Xətai, Bakı, Azərbaycan, AZ1074",Bakı,40.390799692395404,49.90511245238605,,Caravan Mains Socket; CSS Combo 1; CSS Combo 2; CHAdeMO; Commando; GB/T; GB/T 2; NEMA 14-50; NEMA TT-30; Tesla; Tesla (Fast); Tesla (Roadster); Three Phase; Type 1 (J1772); Type 2 (Mennekes); Type 3; Type 3A; Wall; Wall (AU/NZ); Wall (BS1363); Wall (Euro),Cafe; WC,2,0,Yes,676a642fa5ab6aafb9d7ff8c,https://edm.ayna.gov.az/,2025-12-18T20:12:21.441112
AYNA (Gov),Sea Breeze parking,"Nardaran, Sabunçu, Bakı, Azərbaycan, AZ1097",Bakı,40.59126514935127,49.981581975962996,0,Caravan Mains Socket; CSS Combo 1; CSS Combo 2; CHAdeMO; Commando; GB/T; GB/T 2; NEMA 14-50; NEMA TT-30; Tesla; Tesla (Fast); Tesla (Roadster); Three Phase; Type 1 (J1772); Type 2 (Mennekes); Type 3; Type 3A; Wall; Wall (AU/NZ); Wall (BS1363); Wall (Euro),Cafe; WC,1,0,Yes,676a646aa5ab6aafb9d7ff8d,https://edm.ayna.gov.az/,2025-12-18T20:12:21.441131
AYNA (Gov),Pirşağı-Bilgəh şossesi,"İstiqlaliyyət, Nardaran, Sabunçu, Bakı, Azərbaycan, AZ1097",Bakı,40.587005519135374,49.98521916529836,0,Caravan Mains Socket; CSS Combo 1; CSS Combo 2; CHAdeMO; Commando; GB/T; GB/T 2; NEMA 14-50; NEMA TT-30; Tesla; Tesla (Fast); Tesla (Roadster); Three Phase; Type 1 (J1772); Type 2 (Mennekes); Type 3; Type 3A; Wall; Wall (AU/NZ); Wall (BS1363); Wall (Euro),Cafe; WC,1,0,Yes,676a649ca5ab6aafb9d7ff8e,https://edm.ayna.gov.az/,2025-12-18T20:12:21.441155
AYNA (Gov),Socar Petroleum 13,"Babək, Xətai, Bakı, Azərbaycan, AZ1030",Bakı,40.393611926701425,49.932609680444386,,Caravan Mains Socket; CSS Combo 1; CSS Combo 2; CHAdeMO; Commando; GB/T; GB/T 2; NEMA 14-50; NEMA TT-30; Tesla; Tesla (Fast); Tesla (Roadster); Three Phase; Type 1 (J1772); Type 2 (Mennekes); Type 3; Type 3A; Wall; Wall (AU/NZ); Wall (BS1363); Wall (Euro),Cafe; WC,1,0,Yes,676a64be8d722bff960f5aa0,https://edm.ayna.gov.az/,2025-12-18T20:12:21.441173
AYNA (Gov),Xətai Park yaşayış kompleksi,"Gəncə, Xətai, Bakı, Azərbaycan, AZ1121",Bakı,40.36537025631458,49.95974396230878,,Caravan Mains Socket; CSS Combo 1; CSS Combo 2; CHAdeMO; Commando; GB/T; GB/T 2; NEMA 14-50; NEMA TT-30; Tesla; Tesla (Fast); Tesla (Roadster); Three Phase; Type 1 (J1772); Type 2 (Mennekes); Type 3; Type 3A; Wall; Wall (AU/NZ); Wall (BS1363); Wall (Euro),Cafe; WC,2,0,Yes,676a656aa5ab6aafb9d7ff8f,https://edm.ayna.gov.az/,2025-12-18T20:12:21.441193
AYNA (Gov),Blue Mall,"8 Noyabr, Xətai, Bakı, Azərbaycan, AZ1123",Bakı,40.36917411823285,49.93755354405377,,Caravan Mains Socket; CSS Combo 1; CSS Combo 2; CHAdeMO; Commando; GB/T; GB/T 2; NEMA 14-50; NEMA TT-30; Tesla; Tesla (Fast); Tesla (Roadster); Three Phase; Type 1 (J1772); Type 2 (Mennekes); Type 3; Type 3A; Wall; Wall (AU/NZ); Wall (BS1363); Wall (Euro),Cafe; WC,1,0,Yes,676a66238d722bff960f5aa2,https://edm.ayna.gov.az/,2025-12-18T20:12:21.441214
AYNA (Gov),SOCAR,"8 Noyabr, Xətai, Bakı, Azərbaycan, AZ1025",Bakı,40.37571379128909,49.91617335032771,,Caravan Mains Socket; CSS Combo 1; CSS Combo 2; CHAdeMO; Commando; GB/T; GB/T 2; NEMA 14-50; NEMA TT-30; Tesla; Tesla (Fast); Tesla (Roadster); Three Phase; Type 1 (J1772); Type 2 (Mennekes); Type 3; Type 3A; Wall; Wall (AU/NZ); Wall (BS1363); Wall (Euro),Cafe; WC,1,0,Yes,676a667d8d722bff960f5aa3,https://edm.ayna.gov.az/,2025-12-18T20:12:21.441233
AYNA (Gov),Pirşağı-Bilgəh şossesi,"Zuğulba, Bilgəh, Sabunçu, Bakı, Azərbaycan, AZ1094",Bakı,40.588991702984856,50.057130910434324,0,Caravan Mains Socket; CSS Combo 1; CSS Combo 2; CHAdeMO; Commando; GB/T; GB/T 2; NEMA 14-50; NEMA TT-30; Tesla; Tesla (Fast); Tesla (Roadster); Three Phase; Type 1 (J1772); Type 2 (Mennekes); Type 3; Type 3A; Wall; Wall (AU/NZ); Wall (BS1363); Wall (Euro),Cafe; WC,1,0,Yes,676a66cfca56a6ac330c7e6f,https://edm.ayna.gov.az/,2025-12-18T20:12:21.441254
AYNA (Gov),Nar Şərab,"Namiq Quliyev, Bibiheybət, Səbail, Bakı, Azərbaycan, AZ1023",Bakı,40.30497266244734,49.82471594488564,,Caravan Mains Socket; CSS Combo 1; CSS Combo 2; CHAdeMO; Commando; GB/T; GB/T 2; NEMA 14-50; NEMA TT-30; Tesla; Tesla (Fast); Tesla (Roadster); Three Phase; Type 1 (J1772); Type 2 (Mennekes); Type 3; Type 3A; Wall; Wall (AU/NZ); Wall (BS1363); Wall (Euro),Cafe; WC,2,0,Yes,676a6a24a5ab6aafb9d7ff90,https://edm.ayna.gov.az/,2025-12-18T20:12:21.441280
AYNA (Gov),SOCAR,"Bibiheybət yolu, Bibiheybət, Səbail, Bakı, Azərbaycan, AZ1023",Bakı,40.31876109259693,49.821504338180716,,Caravan Mains Socket; CSS Combo 1; CSS Combo 2; CHAdeMO; Commando; GB/T; GB/T 2; NEMA 14-50; NEMA TT-30; Tesla; Tesla (Fast); Tesla (Roadster); Three Phase; Type 1 (J1772); Type 2 (Mennekes); Type 3; Type 3A; Wall; Wall (AU/NZ); Wall (BS1363); Wall (Euro),Cafe; WC,1,0,Yes,676a6a728d722bff960f5aa4,https://edm.ayna.gov.az/,2025-12-18T20:12:21.441302
AYNA (Gov),Azərbaycan Voleybol Mərkəzi,Səbail rayonu Əhəd Yaqubov küçəsi,Səbail,40.33512447062384,49.83639726978316,,Caravan Mains Socket; CSS Combo 1; CSS Combo 2; CHAdeMO; Commando; GB/T; GB/T 2; NEMA 14-50; NEMA TT-30; Tesla; Tesla (Fast); Tesla (Roadster); Three Phase; Type 1 (J1772); Type 2 (Mennekes); Type 3; Type 3A; Wall; Wall (AU/NZ); Wall (BS1363); Wall (Euro),Cafe; WC,1,0,Yes,676a6b0ba5ab6aafb9d7ff91,https://edm.ayna.gov.az/,2025-12-18T20:12:21.441315
AYNA (Gov),"Bakı şəhəri, Nizami rayonu, Qara Qarayev pr.","Qara Qarayev, Nizami, Bakı, Azərbaycan, AZ1142",Bakı,40.39885569639401,49.95187740446718,0,Caravan Mains Socket; CSS Combo 1; CSS Combo 2; CHAdeMO; Commando; GB/T; GB/T 2; NEMA 14-50; NEMA TT-30; Tesla; Tesla (Fast); Tesla (Roadster); Three Phase; Type 1 (J1772); Type 2 (Mennekes); Type 3; Type 3A; Wall; Wall (AU/NZ); Wall (BS1363); Wall (Euro),Cafe; WC,2,0,Yes,676a895a8d722bff960f5aa5,https://edm.ayna.gov.az/,2025-12-18T20:12:21.441333
AYNA (Gov),"Nizami rayonu, Tokaz MMC","Qara Qarayev, Nizami, Bakı, Azərbaycan, AZ1119",Bakı,40.40454304748272,49.94717495749737,0,Caravan Mains Socket; CSS Combo 1; CSS Combo 2; CHAdeMO; Commando; GB/T; GB/T 2; NEMA 14-50; NEMA TT-30; Tesla; Tesla (Fast); Tesla (Roadster); Three Phase; Type 1 (J1772); Type 2 (Mennekes); Type 3; Type 3A; Wall; Wall (AU/NZ); Wall (BS1363); Wall (Euro),Cafe; WC,1,0,Yes,676a8994ca56a6ac330c7e72,https://edm.ayna.gov.az/,2025-12-18T20:12:21.441353
AYNA (Gov),Əhmədli Ekoservis,"Qara Qarayev, Nizami, Bakı, Azərbaycan, AZ1096",Bakı,40.40563177464003,49.94594301132253,0,Caravan Mains Socket; CSS Combo 1; CSS Combo 2; CHAdeMO; Commando; GB/T; GB/T 2; NEMA 14-50; NEMA TT-30; Tesla; Tesla (Fast); Tesla (Roadster); Three Phase; Type 1 (J1772); Type 2 (Mennekes); Type 3; Type 3A; Wall; Wall (AU/NZ); Wall (BS1363); Wall (Euro),Cafe; WC,2,0,Yes,676a89e7a5ab6aafb9d7ff92,https://edm.ayna.gov.az/,2025-12-18T20:12:21.441372
AYNA (Gov),"Babək pr-ti, məhəllə 2359","Babək, Keşlə, Nizami, Bakı, Azərbaycan, AZ1030",Bakı,40.39193714460356,49.90999803114403,0,Caravan Mains Socket; CSS Combo 1; CSS Combo 2; CHAdeMO; Commando; GB/T; GB/T 2; NEMA 14-50; NEMA TT-30; Tesla; Tesla (Fast); Tesla (Roadster); Three Phase; Type 1 (J1772); Type 2 (Mennekes); Type 3; Type 3A; Wall; Wall (AU/NZ); Wall (BS1363); Wall (Euro),Cafe; WC,4,0,Yes,676a8b1aca56a6ac330c7e73,https://edm.ayna.gov.az/,2025-12-18T20:12:21.441390
AYNA (Gov),Socar Babək prospekti maşın bazarı,"Oqtay Vəliyev, Nizami, Bakı, Azərbaycan, AZ1030",Bakı,40.39280576489179,49.91460386114062,0,Caravan Mains Socket; CSS Combo 1; CSS Combo 2; CHAdeMO; Commando; GB/T; GB/T 2; NEMA 14-50; NEMA TT-30; Tesla; Tesla (Fast); Tesla (Roadster); Three Phase; Type 1 (J1772); Type 2 (Mennekes); Type 3; Type 3A; Wall; Wall (AU/NZ); Wall (BS1363); Wall (Euro),Cafe; WC,1,0,Yes,676a8b4eca56a6ac330c7e74,https://edm.ayna.gov.az/,2025-12-18T20:12:21.441412
AYNA (Gov),Socar Ziya Bünyadov prospekti,"Ziya Bünyadov, Nizami, Bakı, Azərbaycan, AZ1029",Bakı,40.42518424268462,49.9072807750718,0,Caravan Mains Socket; CSS Combo 1; CSS Combo 2; CHAdeMO; Commando; GB/T; GB/T 2; NEMA 14-50; NEMA TT-30; Tesla; Tesla (Fast); Tesla (Roadster); Three Phase; Type 1 (J1772); Type 2 (Mennekes); Type 3; Type 3A; Wall; Wall (AU/NZ); Wall (BS1363); Wall (Euro),Cafe; WC,1,0,Yes,676a8bc0a5ab6aafb9d7ff93,https://edm.ayna.gov.az/,2025-12-18T20:12:21.441432
AYNA (Gov),"Çinar Park , Əhməd Rəcəbli","Əhməd Rəcəbli, Nərimanov, Bakı, Azərbaycan, AZ1075",Bakı,40.41470165784503,49.85936317139445,0,Caravan Mains Socket; CSS Combo 1; CSS Combo 2; CHAdeMO; Commando; GB/T; GB/T 2; NEMA 14-50; NEMA TT-30; Tesla; Tesla (Fast); Tesla (Roadster); Three Phase; Type 1 (J1772); Type 2 (Mennekes); Type 3; Type 3A; Wall; Wall (AU/NZ); Wall (BS1363); Wall (Euro),Cafe; WC,1,0,Yes,676a8c1ea5ab6aafb9d7ff94,https://edm.ayna.gov.az/,2025-12-18T20:12:21.441452
AYNA (Gov),7 saylı Asan Xidmət mərkəzi,"Zaur Nudirəliyev, Nərimanov, Bakı, Azərbaycan, AZ1075",Bakı,40.413053088599725,49.85499608198771,0,Caravan Mains Socket; CSS Combo 1; CSS Combo 2; CHAdeMO; Commando; GB/T; GB/T 2; NEMA 14-50; NEMA TT-30; Tesla; Tesla (Fast); Tesla (Roadster); Three Phase; Type 1 (J1772); Type 2 (Mennekes); Type 3; Type 3A; Wall; Wall (AU/NZ); Wall (BS1363); Wall (Euro),Cafe; WC,2,0,Yes,676a8c61ca56a6ac330c7e75,https://edm.ayna.gov.az/,2025-12-18T20:12:21.441473
AYNA (Gov),"Aşıq Molla Cümə, Elektra Az MMC","Zaur Nudirəliyev, Nərimanov, Bakı, Azərbaycan, AZ1075",Bakı,40.41191659206652,49.85765753192399,0,Caravan Mains Socket; CSS Combo 1; CSS Combo 2; CHAdeMO; Commando; GB/T; GB/T 2; NEMA 14-50; NEMA TT-30; Tesla; Tesla (Fast); Tesla (Roadster); Three Phase; Type 1 (J1772); Type 2 (Mennekes); Type 3; Type 3A; Wall; Wall (AU/NZ); Wall (BS1363); Wall (Euro),Cafe; WC,1,0,Yes,676a8caca5ab6aafb9d7ff95,https://edm.ayna.gov.az/,2025-12-18T20:12:21.441492
AYNA (Gov),Ziya Bünyadov pr. 86b,"Ziya Bünyadov, Nərimanov, Bakı, Azərbaycan, AZ1106",Bakı,40.411292033535716,49.839051806035116,0,Caravan Mains Socket; CSS Combo 1; CSS Combo 2; CHAdeMO; Commando; GB/T; GB/T 2; NEMA 14-50; NEMA TT-30; Tesla; Tesla (Fast); Tesla (Roadster); Three Phase; Type 1 (J1772); Type 2 (Mennekes); Type 3; Type 3A; Wall; Wall (AU/NZ); Wall (BS1363); Wall (Euro),Cafe; WC,1,0,Yes,676a8d04ca56a6ac330c7e76,https://edm.ayna.gov.az/,2025-12-18T20:12:21.441511
AYNA (Gov),"Aydin Nasirov 3, Mangal Restaurant","Dənizkənarı, Səbail, Bakı, Azərbaycan, AZ1003",Bakı,40.34339066502176,49.8419014417683,,Caravan Mains Socket; CSS Combo 1; CSS Combo 2; CHAdeMO; Commando; GB/T; GB/T 2; NEMA 14-50; NEMA TT-30; Tesla; Tesla (Fast); Tesla (Roadster); Three Phase; Type 1 (J1772); Type 2 (Mennekes); Type 3; Type 3A; Wall; Wall (AU/NZ); Wall (BS1363); Wall (Euro),Cafe; WC,1,0,Yes,676a8d478d722bff960f5aa6,https://edm.ayna.gov.az/,2025-12-18T20:12:21.441530
AYNA (Gov),"Xanlar küç. 10, Sabah Plaza","Ziya Yusifzadə, Səbail, Bakı, Azərbaycan, AZ1003",Bakı,40.3515951811861,49.83233124917413,,Caravan Mains Socket; CSS Combo 1; CSS Combo 2; CHAdeMO; Commando; GB/T; GB/T 2; NEMA 14-50; NEMA TT-30; Tesla; Tesla (Fast); Tesla (Roadster); Three Phase; Type 1 (J1772); Type 2 (Mennekes); Type 3; Type 3A; Wall; Wall (AU/NZ); Wall (BS1363); Wall (Euro),Cafe; WC,2,0,Yes,676a8d9ea5ab6aafb9d7ff97,https://edm.ayna.gov.az/,2025-12-18T20:12:21.441549
AYNA (Gov),Tofiq Bəhramov adına Stadion,"Əhməd bəy Ağaoğlu, Nərimanov, Bakı, Azərbaycan, AZ1008",Bakı,40.398353558783185,49.85115656098509,0,Caravan Mains Socket; CSS Combo 1; CSS Combo 2; CHAdeMO; Commando; GB/T; GB/T 2; NEMA 14-50; NEMA TT-30; Tesla; Tesla (Fast); Tesla (Roadster); Three Phase; Type 1 (J1772); Type 2 (Mennekes); Type 3; Type 3A; Wall; Wall (AU/NZ); Wall (BS1363); Wall (Euro),Cafe; WC,2,0,Yes,676a8da8ca56a6ac330c7e77,https://edm.ayna.gov.az/,2025-12-18T20:12:21.441568
AYNA (Gov),Şərq bazarı,"Xətai, Nərimanov, Bakı, Azərbaycan, AZ1008",Bakı,40.38659384168514,49.85548338640612,0,Caravan Mains Socket; CSS Combo 1; CSS Combo 2; CHAdeMO; Commando; GB/T; GB/T 2; NEMA 14-50; NEMA TT-30; Tesla; Tesla (Fast); Tesla (Roadster); Three Phase; Type 1 (J1772); Type 2 (Mennekes); Type 3; Type 3A; Wall; Wall (AU/NZ); Wall (BS1363); Wall (Euro),Cafe; WC,1,0,Yes,676a8deaa5ab6aafb9d7ff98,https://edm.ayna.gov.az/,2025-12-18T20:12:21.441587
AYNA (Gov),"Dalga Plaza, 24 Neftchilar pr","Neftçilər, Səbail, Bakı, Azərbaycan, AZ1000",Bakı,40.35767099608327,49.834761488204634,,Caravan Mains Socket; CSS Combo 1; CSS Combo 2; CHAdeMO; Commando; GB/T; GB/T 2; NEMA 14-50; NEMA TT-30; Tesla; Tesla (Fast); Tesla (Roadster); Three Phase; Type 1 (J1772); Type 2 (Mennekes); Type 3; Type 3A; Wall; Wall (AU/NZ); Wall (BS1363); Wall (Euro),Cafe; WC,5,0,Yes,676a8df98d722bff960f5aa7,https://edm.ayna.gov.az/,2025-12-18T20:12:21.441604
AYNA (Gov),East Park yaşayış kompleksi,"Xətai, Nərimanov, Bakı, Azərbaycan",Bakı,40.389100900343436,49.85840844051515,0,Caravan Mains Socket; CSS Combo 1; CSS Combo 2; CHAdeMO; Commando; GB/T; GB/T 2; NEMA 14-50; NEMA TT-30; Tesla; Tesla (Fast); Tesla (Roadster); Three Phase; Type 1 (J1772); Type 2 (Mennekes); Type 3; Type 3A; Wall; Wall (AU/NZ); Wall (BS1363); Wall (Euro),Cafe; WC,1,0,Yes,676a8e25ca56a6ac330c7e78,https://edm.ayna.gov.az/,2025-12-18T20:12:21.441621
AYNA (Gov),Neftçilər pr 24,"Neftçilər, Səbail, Bakı, Azərbaycan, AZ1000",Bakı,40.35791657768772,49.834839691223294,,Caravan Mains Socket; CSS Combo 1; CSS Combo 2; CHAdeMO; Commando; GB/T; GB/T 2; NEMA 14-50; NEMA TT-30; Tesla; Tesla (Fast); Tesla (Roadster); Three Phase; Type 1 (J1772); Type 2 (Mennekes); Type 3; Type 3A; Wall; Wall (AU/NZ); Wall (BS1363); Wall (Euro),Cafe; WC,1,0,Yes,676a8e43ca56a6ac330c7e79,https://edm.ayna.gov.az/,2025-12-18T20:12:21.441643
AYNA (Gov),Bakı Konqres Mərkəzi,"Təbriz, Nərimanov, Bakı, Azərbaycan, AZ1072",Bakı,40.39666384535022,49.864566882214376,-,Caravan Mains Socket; CSS Combo 1; CSS Combo 2; CHAdeMO; Commando; GB/T; GB/T 2; NEMA 14-50; NEMA TT-30; Tesla; Tesla (Fast); Tesla (Roadster); Three Phase; Type 1 (J1772); Type 2 (Mennekes); Type 3; Type 3A; Wall; Wall (AU/NZ); Wall (BS1363); Wall (Euro),Cafe; WC,2,0,Yes,676a8e678d722bff960f5aa8,https://edm.ayna.gov.az/,2025-12-18T20:12:21.441661
AYNA (Gov),Heydər Əliyev pr. 2,"Heydər Əliyev, Nərimanov, Bakı, Azərbaycan, AZ1154",Bakı,40.39165905655943,49.86879880757249,-,Caravan Mains Socket; CSS Combo 1; CSS Combo 2; CHAdeMO; Commando; GB/T; GB/T 2; NEMA 14-50; NEMA TT-30; Tesla; Tesla (Fast); Tesla (Roadster); Three Phase; Type 1 (J1772); Type 2 (Mennekes); Type 3; Type 3A; Wall; Wall (AU/NZ); Wall (BS1363); Wall (Euro),Cafe; WC,1,0,Yes,676a8e948d722bff960f5aa9,https://edm.ayna.gov.az/,2025-12-18T20:12:21.441679
AYNA (Gov),Nərgiz Mall,"Nigar Rəfibəyli, Səbail, Bakı, Azərbaycan, AZ1005",Bakı,40.37081301640151,49.83451638007995,,Caravan Mains Socket; CSS Combo 1; CSS Combo 2; CHAdeMO; Commando; GB/T; GB/T 2; NEMA 14-50; NEMA TT-30; Tesla; Tesla (Fast); Tesla (Roadster); Three Phase; Type 1 (J1772); Type 2 (Mennekes); Type 3; Type 3A; Wall; Wall (AU/NZ); Wall (BS1363); Wall (Euro),Cafe; WC,4,0,Yes,676a8eb6a5ab6aafb9d7ff99,https://edm.ayna.gov.az/,2025-12-18T20:12:21.441699
AYNA (Gov),Həsənoğlu,"Həsənoğlu, Nərimanov, Bakı, Azərbaycan, AZ1033",Bakı,40.397424921837654,49.86960062964275,-,Caravan Mains Socket; CSS Combo 1; CSS Combo 2; CHAdeMO; Commando; GB/T; GB/T 2; NEMA 14-50; NEMA TT-30; Tesla; Tesla (Fast); Tesla (Roadster); Three Phase; Type 1 (J1772); Type 2 (Mennekes); Type 3; Type 3A; Wall; Wall (AU/NZ); Wall (BS1363); Wall (Euro),Cafe; WC,2,0,Yes,676a8ebba5ab6aafb9d7ff9a,https://edm.ayna.gov.az/,2025-12-18T20:12:21.441719
AYNA (Gov),"Bakı şəhəri Yasamal rayonu Moskva prospekti 31/68 məhəllə,Şamaxinka","Moskva, Nəsimi, Bakı, Azərbaycan, AZ1134",Bakı,40.40619680355036,49.80730022174987,-,Caravan Mains Socket; CSS Combo 1; CSS Combo 2; CHAdeMO; Commando; GB/T; GB/T 2; NEMA 14-50; NEMA TT-30; Tesla; Tesla (Fast); Tesla (Roadster); Three Phase; Type 1 (J1772); Type 2 (Mennekes); Type 3; Type 3A; Wall; Wall (AU/NZ); Wall (BS1363); Wall (Euro),Cafe; WC,2,0,Yes,676a8f3a8d722bff960f5aaa,https://edm.ayna.gov.az/,2025-12-18T20:12:21.441738
AYNA (Gov),"Rahat Gourmetmarket, Həsən Əliyev küçəsi","Həsən Əliyev, Nəsimi, Bakı, Azərbaycan, AZ1022",Bakı,40.39590857978786,49.82012474227406,-,Caravan Mains Socket; CSS Combo 1; CSS Combo 2; CHAdeMO; Commando; GB/T; GB/T 2; NEMA 14-50; NEMA TT-30; Tesla; Tesla (Fast); Tesla (Roadster); Three Phase; Type 1 (J1772); Type 2 (Mennekes); Type 3; Type 3A; Wall; Wall (AU/NZ); Wall (BS1363); Wall (Euro),Cafe; WC,3,0,Yes,676a902f8d722bff960f5aab,https://edm.ayna.gov.az/,2025-12-18T20:12:21.441759
AYNA (Gov),Tbilisi pr.12,"Tbilisi, Yasamal, Bakı, Azərbaycan, AZ1065",Bakı,40.39032468743139,49.82497304125596,-,Caravan Mains Socket; CSS Combo 1; CSS Combo 2; CHAdeMO; Commando; GB/T; GB/T 2; NEMA 14-50; NEMA TT-30; Tesla; Tesla (Fast); Tesla (Roadster); Three Phase; Type 1 (J1772); Type 2 (Mennekes); Type 3; Type 3A; Wall; Wall (AU/NZ); Wall (BS1363); Wall (Euro),Cafe; WC,1,0,Yes,676a905fa5ab6aafb9d7ff9b,https://edm.ayna.gov.az/,2025-12-18T20:12:21.441777
AYNA (Gov),"Ceyhun Hacıbəyli, Tokaz MMC","Ceyhun Hacıbəyli, Nəsimi, Bakı, Azərbaycan, AZ1007",Bakı,40.39097659914475,49.8458427289259,-,Caravan Mains Socket; CSS Combo 1; CSS Combo 2; CHAdeMO; Commando; GB/T; GB/T 2; NEMA 14-50; NEMA TT-30; Tesla; Tesla (Fast); Tesla (Roadster); Three Phase; Type 1 (J1772); Type 2 (Mennekes); Type 3; Type 3A; Wall; Wall (AU/NZ); Wall (BS1363); Wall (Euro),Cafe; WC,1,0,Yes,676a90a28d722bff960f5aac,https://edm.ayna.gov.az/,2025-12-18T20:12:21.441795
AYNA (Gov),"Səbail  rayonu, Electrify.az","Nizami, Nəsimi, Bakı, Azərbaycan, AZ1005",Bakı,40.37287913436509,49.837777162577936,-,Caravan Mains Socket; CSS Combo 1; CSS Combo 2; CHAdeMO; Commando; GB/T; GB/T 2; NEMA 14-50; NEMA TT-30; Tesla; Tesla (Fast); Tesla (Roadster); Three Phase; Type 1 (J1772); Type 2 (Mennekes); Type 3; Type 3A; Wall; Wall (AU/NZ); Wall (BS1363); Wall (Euro),Cafe; WC,2,0,Yes,676a912da5ab6aafb9d7ff9c,https://edm.ayna.gov.az/,2025-12-18T20:12:21.441811
AYNA (Gov),Azərbaycan pr.,"Azərbaycan, Səbail, Bakı, Azərbaycan, AZ1005",Bakı,40.369881816161495,49.83469865336866,,Caravan Mains Socket; CSS Combo 1; CSS Combo 2; CHAdeMO; Commando; GB/T; GB/T 2; NEMA 14-50; NEMA TT-30; Tesla; Tesla (Fast); Tesla (Roadster); Three Phase; Type 1 (J1772); Type 2 (Mennekes); Type 3; Type 3A; Wall; Wall (AU/NZ); Wall (BS1363); Wall (Euro),Cafe; WC,2,0,Yes,676a91408d722bff960f5aad,https://edm.ayna.gov.az/,2025-12-18T20:12:21.441828
AYNA (Gov),Azərbaycan pr.,"Azərbaycan, Səbail, Bakı, Azərbaycan, AZ1005",Bakı,40.36986858196582,49.83463734582841,,Caravan Mains Socket; CSS Combo 1; CSS Combo 2; CHAdeMO; Commando; GB/T; GB/T 2; NEMA 14-50; NEMA TT-30; Tesla; Tesla (Fast); Tesla (Roadster); Three Phase; Type 1 (J1772); Type 2 (Mennekes); Type 3; Type 3A; Wall; Wall (AU/NZ); Wall (BS1363); Wall (Euro),Cafe; WC,2,0,Yes,676a916fa5ab6aafb9d7ff9d,https://edm.ayna.gov.az/,2025-12-18T20:12:21.441843
AYNA (Gov),Üzeyir Hacıbəyov  6/8,"Üzeyir Hacıbəyli, Səbail, Bakı, Azərbaycan, AZ1000",Bakı,40.371196249491874,49.84089394985807,,Caravan Mains Socket; CSS Combo 1; CSS Combo 2; CHAdeMO; Commando; GB/T; GB/T 2; NEMA 14-50; NEMA TT-30; Tesla; Tesla (Fast); Tesla (Roadster); Three Phase; Type 1 (J1772); Type 2 (Mennekes); Type 3; Type 3A; Wall; Wall (AU/NZ); Wall (BS1363); Wall (Euro),Cafe; WC,2,0,Yes,676a925fa5ab6aafb9d7ff9e,https://edm.ayna.gov.az/,2025-12-18T20:12:21.441861
AYNA (Gov),Səbail,"Azadlıq, Səbail, Bakı, Azərbaycan, AZ1000",Bakı,40.372497709279685,49.84976476774165,,Caravan Mains Socket; CSS Combo 1; CSS Combo 2; CHAdeMO; Commando; GB/T; GB/T 2; NEMA 14-50; NEMA TT-30; Tesla; Tesla (Fast); Tesla (Roadster); Three Phase; Type 1 (J1772); Type 2 (Mennekes); Type 3; Type 3A; Wall; Wall (AU/NZ); Wall (BS1363); Wall (Euro),Cafe; WC,9,0,Yes,676a92bda5ab6aafb9d7ff9f,https://edm.ayna.gov.az/,2025-12-18T20:12:21.441881
AYNA (Gov),Xarici Dairəvi yol 8,"Ravil Hümbətov, Yasamal, Bakı, Azərbaycan, AZ1138",Bakı,40.376475498337584,49.794455601965836,-,Caravan Mains Socket; CSS Combo 1; CSS Combo 2; CHAdeMO; Commando; GB/T; GB/T 2; NEMA 14-50; NEMA TT-30; Tesla; Tesla (Fast); Tesla (Roadster); Three Phase; Type 1 (J1772); Type 2 (Mennekes); Type 3; Type 3A; Wall; Wall (AU/NZ); Wall (BS1363); Wall (Euro),Cafe; WC,1,0,Yes,676a9d49ca56a6ac330c7e7c,https://edm.ayna.gov.az/,2025-12-18T20:12:21.441900
AYNA (Gov),"Nəsimi rayonu, Elektra Az MMC","İsmayıl bəy Qutqaşınlı, Yasamal, Bakı, Azərbaycan, AZ1073",Bakı,40.370322527897855,49.82074707944844,-,Caravan Mains Socket; CSS Combo 1; CSS Combo 2; CHAdeMO; Commando; GB/T; GB/T 2; NEMA 14-50; NEMA TT-30; Tesla; Tesla (Fast); Tesla (Roadster); Three Phase; Type 1 (J1772); Type 2 (Mennekes); Type 3; Type 3A; Wall; Wall (AU/NZ); Wall (BS1363); Wall (Euro),Cafe; WC,1,0,Yes,676a9db68d722bff960f5aae,https://edm.ayna.gov.az/,2025-12-18T20:12:21.441920
AYNA (Gov),"Xocasən şosesi 57, Bakı, Qaradağ","Xocasən şosesi, Qaradağ, Bakı, Azərbaycan, AZ1063",Bakı,40.3262702716643,49.76049425984479,-,Caravan Mains Socket; CSS Combo 1; CSS Combo 2; CHAdeMO; Commando; GB/T; GB/T 2; NEMA 14-50; NEMA TT-30; Tesla; Tesla (Fast); Tesla (Roadster); Three Phase; Type 1 (J1772); Type 2 (Mennekes); Type 3; Type 3A; Wall; Wall (AU/NZ); Wall (BS1363); Wall (Euro),Cafe; WC,3,0,Yes,676a9e188d722bff960f5aaf,https://edm.ayna.gov.az/,2025-12-18T20:12:21.441939
AYNA (Gov),Socar Lökbatan dairəsi,"Salyan şosesi, Qaradağ, Bakı, Azərbaycan, AZ1083",Bakı,40.29655048689176,49.752887892384734,-,Caravan Mains Socket; CSS Combo 1; CSS Combo 2; CHAdeMO; Commando; GB/T; GB/T 2; NEMA 14-50; NEMA TT-30; Tesla; Tesla (Fast); Tesla (Roadster); Three Phase; Type 1 (J1772); Type 2 (Mennekes); Type 3; Type 3A; Wall; Wall (AU/NZ); Wall (BS1363); Wall (Euro),Cafe; WC,1,0,Yes,676a9e85ca56a6ac330c7e7d,https://edm.ayna.gov.az/,2025-12-18T20:12:21.441957
AYNA (Gov),"Salyan şossesi, Qaradağ, Bakı, Azərbaycan, AZ1083","Salyan şossesi, Qaradağ, Bakı, Azərbaycan, AZ1083",Bakı,40.24316727302681,49.60115667536232,-,Caravan Mains Socket; CSS Combo 1; CSS Combo 2; CHAdeMO; Commando; GB/T; GB/T 2; NEMA 14-50; NEMA TT-30; Tesla; Tesla (Fast); Tesla (Roadster); Three Phase; Type 1 (J1772); Type 2 (Mennekes); Type 3; Type 3A; Wall; Wall (AU/NZ); Wall (BS1363); Wall (Euro),Cafe; WC,0,0,Yes,676a9f37ca56a6ac330c7e7e,https://edm.ayna.gov.az/,2025-12-18T20:12:21.441977
AYNA (Gov),Carl Maks,"Əhməd Rəcəbli, Binəqədi, Bakı, Azərbaycan, AZ1108",Bakı,40.41999136758645,49.854894528992276,-,Caravan Mains Socket; CSS Combo 1; CSS Combo 2; CHAdeMO; Commando; GB/T; GB/T 2; NEMA 14-50; NEMA TT-30; Tesla; Tesla (Fast); Tesla (Roadster); Three Phase; Type 1 (J1772); Type 2 (Mennekes); Type 3; Type 3A; Wall; Wall (AU/NZ); Wall (BS1363); Wall (Euro),Cafe; WC,1,0,Yes,676a9fafca56a6ac330c7e7f,https://edm.ayna.gov.az/,2025-12-18T20:12:21.441999
AYNA (Gov),Səttar Bəhlulzadə 10a,"Səttar Bəhlulzadə, Binəqədi, Bakı, Azərbaycan, AZ1108",Bakı,40.41475974337368,49.84357397768457,-,Caravan Mains Socket; CSS Combo 1; CSS Combo 2; CHAdeMO; Commando; GB/T; GB/T 2; NEMA 14-50; NEMA TT-30; Tesla; Tesla (Fast); Tesla (Roadster); Three Phase; Type 1 (J1772); Type 2 (Mennekes); Type 3; Type 3A; Wall; Wall (AU/NZ); Wall (BS1363); Wall (Euro),Cafe; WC,2,0,Yes,676aa000ca56a6ac330c7e80,https://edm.ayna.gov.az/,2025-12-18T20:12:21.442019
AYNA (Gov),Binəqədi - Novxanı yolu,"Heydər Əliyev, Novxanı, Abşeron, Azərbaycan, AZ119",Abşeron,40.53588079514148,49.78286525603133,-,Caravan Mains Socket; CSS Combo 1; CSS Combo 2; CHAdeMO; Commando; GB/T; GB/T 2; NEMA 14-50; NEMA TT-30; Tesla; Tesla (Fast); Tesla (Roadster); Three Phase; Type 1 (J1772); Type 2 (Mennekes); Type 3; Type 3A; Wall; Wall (AU/NZ); Wall (BS1363); Wall (Euro),Cafe; WC,2,0,Yes,676aa0aea5ab6aafb9d7ffa0,https://edm.ayna.gov.az/,2025-12-18T20:12:21.442039
AYNA (Gov),Əliağa Vahid,"Əliağa Vahid, Masazır, Abşeron, Azərbaycan, AZ116",Abşeron,40.47149120382406,49.7539078925945,-,Caravan Mains Socket; CSS Combo 1; CSS Combo 2; CHAdeMO; Commando; GB/T; GB/T 2; NEMA 14-50; NEMA TT-30; Tesla; Tesla (Fast); Tesla (Roadster); Three Phase; Type 1 (J1772); Type 2 (Mennekes); Type 3; Type 3A; Wall; Wall (AU/NZ); Wall (BS1363); Wall (Euro),Cafe; WC,2,0,Yes,676aa100a5ab6aafb9d7ffa1,https://edm.ayna.gov.az/,2025-12-18T20:12:21.442057
AYNA (Gov),"Bakı-Quba-Rusiya yolu, 23 km","Bakı-Quba-Rusiya yolu, Saray, Abşeron, Azərbaycan, AZ121",Abşeron,40.52189972017328,49.68903557408913,-,Caravan Mains Socket; CSS Combo 1; CSS Combo 2; CHAdeMO; Commando; GB/T; GB/T 2; NEMA 14-50; NEMA TT-30; Tesla; Tesla (Fast); Tesla (Roadster); Three Phase; Type 1 (J1772); Type 2 (Mennekes); Type 3; Type 3A; Wall; Wall (AU/NZ); Wall (BS1363); Wall (Euro),Cafe; WC,1,0,Yes,676aa13f8d722bff960f5ab0,https://edm.ayna.gov.az/,2025-12-18T20:12:21.442076
AYNA (Gov),"Sumqayıt, Heydər Əliyev pr. 36","Sülh, Sumqayıt, Sumqayıt, Azərbaycan, AZ5006",Sumqayıt,40.587058524064815,49.66903585016601,-,Caravan Mains Socket; CSS Combo 1; CSS Combo 2; CHAdeMO; Commando; GB/T; GB/T 2; NEMA 14-50; NEMA TT-30; Tesla; Tesla (Fast); Tesla (Roadster); Three Phase; Type 1 (J1772); Type 2 (Mennekes); Type 3; Type 3A; Wall; Wall (AU/NZ); Wall (BS1363); Wall (Euro),Cafe; WC,2,0,Yes,676aa19c8d722bff960f5ab1,https://edm.ayna.gov.az/,2025-12-18T20:12:21.442096
AYNA (Gov),2 saylı Sumqayıt Asan Xidmət mərkəzi,"Bulvar, Sumqayıt, Sumqayıt, Azərbaycan, AZ5004",Sumqayıt,40.598040066593,49.68090736868598,-,Caravan Mains Socket; CSS Combo 1; CSS Combo 2; CHAdeMO; Commando; GB/T; GB/T 2; NEMA 14-50; NEMA TT-30; Tesla; Tesla (Fast); Tesla (Roadster); Three Phase; Type 1 (J1772); Type 2 (Mennekes); Type 3; Type 3A; Wall; Wall (AU/NZ); Wall (BS1363); Wall (Euro),Cafe; WC,1,0,Yes,676aa1c48d722bff960f5ab2,https://edm.ayna.gov.az/,2025-12-18T20:12:21.442114
AYNA (Gov),Bakı-Quba-Rusiya Federasiyası yolu,Bakı-Quba-Rusiya Federasiyası yolu,Bakı-Quba-Rusiya Federasiyası yolu,40.713906224721285,49.4895177579981,-,Caravan Mains Socket; CSS Combo 1; CSS Combo 2; CHAdeMO; Commando; GB/T; GB/T 2; NEMA 14-50; NEMA TT-30; Tesla; Tesla (Fast); Tesla (Roadster); Three Phase; Type 1 (J1772); Type 2 (Mennekes); Type 3; Type 3A; Wall; Wall (AU/NZ); Wall (BS1363); Wall (Euro),Cafe; WC,2,0,Yes,676aa35aa5ab6aafb9d7ffa2,https://edm.ayna.gov.az/,2025-12-18T20:12:21.442132
AYNA (Gov),"Salyan, Mayak","İsa Quliyev, Salyan, Salyan, Azərbaycan, AZ5200",Salyan,39.579118382560125,48.968787071848794,-,Caravan Mains Socket; CSS Combo 1; CSS Combo 2; CHAdeMO; Commando; GB/T; GB/T 2; NEMA 14-50; NEMA TT-30; Tesla; Tesla (Fast); Tesla (Roadster); Three Phase; Type 1 (J1772); Type 2 (Mennekes); Type 3; Type 3A; Wall; Wall (AU/NZ); Wall (BS1363); Wall (Euro),Cafe; WC,1,0,Yes,676ab435a5ab6aafb9d7ffa3,https://edm.ayna.gov.az/,2025-12-18T20:12:21.442151
AYNA (Gov),Bakı-Astara magistralı (Astara istiqaməti 194 km),Bakı-Astara magistralı (Astara istiqaməti 194 km),Bakı-Astara,39.31541088298235,48.70909617508704,-,Caravan Mains Socket; CSS Combo 1; CSS Combo 2; CHAdeMO; Commando; GB/T; GB/T 2; NEMA 14-50; NEMA TT-30; Tesla; Tesla (Fast); Tesla (Roadster); Three Phase; Type 1 (J1772); Type 2 (Mennekes); Type 3; Type 3A; Wall; Wall (AU/NZ); Wall (BS1363); Wall (Euro),Cafe; WC,1,0,Yes,676ab4ba8d722bff960f5ab4,https://edm.ayna.gov.az/,2025-12-18T20:12:21.442169
AYNA (Gov),Bakı-Astara magistralı (Bakı istiqaməti 209 km),Bakı-Astara magistralı (Bakı istiqaməti 209 km),Bakı-Astara,39.31574925575899,48.709448197967106,-,Caravan Mains Socket; CSS Combo 1; CSS Combo 2; CHAdeMO; Commando; GB/T; GB/T 2; NEMA 14-50; NEMA TT-30; Tesla; Tesla (Fast); Tesla (Roadster); Three Phase; Type 1 (J1772); Type 2 (Mennekes); Type 3; Type 3A; Wall; Wall (AU/NZ); Wall (BS1363); Wall (Euro),Cafe; WC,1,0,Yes,676ab4dba5ab6aafb9d7ffa4,https://edm.ayna.gov.az/,2025-12-18T20:12:21.442186
AYNA (Gov),Masallı Asan Xidmət mərkəzi,"Heydər Əliyev, Masallı, Masallı, Azərbaycan, AZ4400",Masallı,39.01973537223515,48.69197028957066,-,Caravan Mains Socket; CSS Combo 1; CSS Combo 2; CHAdeMO; Commando; GB/T; GB/T 2; NEMA 14-50; NEMA TT-30; Tesla; Tesla (Fast); Tesla (Roadster); Three Phase; Type 1 (J1772); Type 2 (Mennekes); Type 3; Type 3A; Wall; Wall (AU/NZ); Wall (BS1363); Wall (Euro),Cafe; WC,1,0,Yes,676ab5758d722bff960f5ab5,https://edm.ayna.gov.az/,2025-12-18T20:12:21.442207
AYNA (Gov),Dosa MAll Parking,"Həzi Aslanov, Lənkəran, Lənkəran, Azərbaycan, AZ4200",Lənkəran,38.753980945926,48.852460553076185,-,Caravan Mains Socket; CSS Combo 1; CSS Combo 2; CHAdeMO; Commando; GB/T; GB/T 2; NEMA 14-50; NEMA TT-30; Tesla; Tesla (Fast); Tesla (Roadster); Three Phase; Type 1 (J1772); Type 2 (Mennekes); Type 3; Type 3A; Wall; Wall (AU/NZ); Wall (BS1363); Wall (Euro),Cafe; WC,2,0,Yes,676ab5cb8d722bff960f5ab6,https://edm.ayna.gov.az/,2025-12-18T20:12:21.442230
AYNA (Gov),"Lənkəran, Mandarin Əyləncə Mərkəzi","Astara-Lənkəran, Velədi, Lənkəran, Azərbaycan, AZ4244",Lənkəran,38.72625745567757,48.84668556232077,-,Caravan Mains Socket; CSS Combo 1; CSS Combo 2; CHAdeMO; Commando; GB/T; GB/T 2; NEMA 14-50; NEMA TT-30; Tesla; Tesla (Fast); Tesla (Roadster); Three Phase; Type 1 (J1772); Type 2 (Mennekes); Type 3; Type 3A; Wall; Wall (AU/NZ); Wall (BS1363); Wall (Euro),Cafe; WC,0,0,Yes,676ab5f6a5ab6aafb9d7ffa5,https://edm.ayna.gov.az/,2025-12-18T20:12:21.442251
AYNA (Gov),"Astara, Mandarinnart Hotel, Restoran","İstiqlaliyyət, Astara, Astara, Azərbaycan, AZ700",Astara,38.455562942783956,48.874884381873926,-,Caravan Mains Socket; CSS Combo 1; CSS Combo 2; CHAdeMO; Commando; GB/T; GB/T 2; NEMA 14-50; NEMA TT-30; Tesla; Tesla (Fast); Tesla (Roadster); Three Phase; Type 1 (J1772); Type 2 (Mennekes); Type 3; Type 3A; Wall; Wall (AU/NZ); Wall (BS1363); Wall (Euro),Cafe; WC,1,0,Yes,676ab66ba5ab6aafb9d7ffa6,https://edm.ayna.gov.az/,2025-12-18T20:12:21.442270
AYNA (Gov),"Bakı RETSİ, Sabunçu, Sabunçu r/nu, Nardaran, Sea Breeze parkinq","Mübariz İbrahimov 499, Nardaran, Sabunçu, Bakı, Azərbaycan, AZ1097",Bakı,40.591036823833235,49.98823112909113,-,CHAdeMO,Cafe; WC,-,-,Yes,68481ececa56a6ac330c7e83,https://edm.ayna.gov.az/,2025-12-18T20:12:21.442288
AYNA (Gov),"Bakı RETSİ, Sabunçu, Sabunçu r/nu, Nardaran, Sea Breeze parkinq","Mübariz İbrahimov 499, Nardaran, Sabunçu, Bakı, Azərbaycan, AZ1097",Bakı,40.59099965110613,49.98826784297762,-,CHAdeMO,Cafe; WC,-,-,Yes,68481ef88d722bff960f5ab9,https://edm.ayna.gov.az/,2025-12-18T20:12:21.442305
AYNA (Gov),"Bakı RETSİ, Sabunçu, Sabunçu r/nu, Nardaran-Bakı Dairəvi yolu","Eldar Xəlilov 5, Nardaran, Sabunçu, Bakı, Azərbaycan, AZ1097",Bakı,40.56897900642397,49.945786093158915,-,CHAdeMO,Cafe; WC,-,-,Yes,68481f75ca56a6ac330c7e84,https://edm.ayna.gov.az/,2025-12-18T20:12:21.442324
AYNA (Gov),"Bakı RETSİ, Xəzər, Xəzər r/nu, Buzovna qəs., R.İmanov 23","Qaçaq Nəbi 187, Buzovna, Xəzər, Bakı, Azərbaycan, AZ1090",Bakı,40.52803366677435,50.09693376500337,-,CHAdeMO,Cafe; WC,-,-,Yes,68481fb48d722bff960f5aba,https://edm.ayna.gov.az/,2025-12-18T20:12:21.442340
AYNA (Gov),"Bakı RETSİ, Xəzər, Xəzər r/nu, Buzovna qəs., R.İmanov 23","Qaçaq Nəbi 187, Buzovna, Xəzər, Bakı, Azərbaycan, AZ1090",Bakı,40.52799002546868,50.09693376500337,-,CHAdeMO,Cafe; WC,-,-,Yes,68481fc4a5ab6aafb9d7ffaa,https://edm.ayna.gov.az/,2025-12-18T20:12:21.442358
AYNA (Gov),"Bakı RETSİ, Sabunçu, Sabunçu r/nu, Olimpiya stadionu (COP29)",Bakı Olimpiya Stadionu,Bakı Olimpiya Stadionu,40.43481614885235,49.927724811184305,-,CHAdeMO,Cafe; WC,-,-,Yes,6848201aca56a6ac330c7e85,https://edm.ayna.gov.az/,2025-12-18T20:12:21.442371
AYNA (Gov),"Bakı RETSİ, Sabunçu, Sabunçu r/nu, Olimpiya stadionu (COP29)",Bakı Olimpiya Stadionu,Bakı Olimpiya Stadionu,40.43488231649158,49.92752921456159,-,CHAdeMO,Cafe; WC,-,-,Yes,68482034a5ab6aafb9d7ffab,https://edm.ayna.gov.az/,2025-12-18T20:12:21.442384
AYNA (Gov),"Bakı RETSİ, Xətai, Xətai r/nu, Ağ Şəhər (TM 7)","6-cı Park 1, Xətai, Bakı, Azərbaycan, AZ1025",Bakı,40.38903320952929,49.89290708737565,-,CHAdeMO,Cafe; WC,-,-,Yes,684823a4a5ab6aafb9d7ffac,https://edm.ayna.gov.az/,2025-12-18T20:12:21.442401
AYNA (Gov),"Bakı RETSİ, Xətai, Xətai r/nu, Ağ Şəhər (TM 8)","3-cü Park 6, Xətai, Bakı, Azərbaycan, AZ1025",Bakı,40.38670659347855,49.88829208345663,-,CHAdeMO,Cafe; WC,-,-,Yes,684823e5ca56a6ac330c7e86,https://edm.ayna.gov.az/,2025-12-18T20:12:21.442416
AYNA (Gov),"Bakı RETSİ, Xətai, Xətai r/nu, Ağ Şəhər (TM 8)","Mərkəzi Park 3, Xətai, Bakı, Azərbaycan, AZ1025",Bakı,40.3866937331596,49.88706490221756,-,CHAdeMO,Cafe; WC,-,-,Yes,68482406a5ab6aafb9d7ffad,https://edm.ayna.gov.az/,2025-12-18T20:12:21.442431
AYNA (Gov),"Bakı RETSİ, Xətai, Xətai r/nu, Ağ Şəhər( TM 5)","Xaqani Rüstəmov 12, Xətai, Bakı, Azərbaycan, AZ1025",Bakı,40.37820637509145,49.88181838586635,-,CHAdeMO,Cafe; WC,-,-,Yes,684824628d722bff960f5abb,https://edm.ayna.gov.az/,2025-12-18T20:12:21.442446
AYNA (Gov),"Bakı RETSİ, Nərimanov, Nərimanov r/nu, Aşıq Molla Cümə küçəsi","Fətəli xan Xoyski 101, Nərimanov, Bakı, Azərbaycan, AZ1072",Bakı,40.40401664268856,49.86248276063532,-,CHAdeMO,Cafe; WC,-,-,Yes,684824a78d722bff960f5abc,https://edm.ayna.gov.az/,2025-12-18T20:12:21.442461
AYNA (Gov),"Bakı RETSİ, Nərimanov, Nərimanov r/nu,Atatürk prospekti (tədris mərkəzi)","Fətəlixan Xoyski, Nərimanov, Bakı, Azərbaycan, AZ1110",Bakı,40.39901088160687,49.849862167153475,-,CHAdeMO,Cafe; WC,-,-,Yes,684824eca5ab6aafb9d7ffae,https://edm.ayna.gov.az/,2025-12-18T20:12:21.442477
AYNA (Gov),"Bakı RETSİ, Nərimanov, Nərimanov r/nu,Atatürk prospekti (tədris mərkəzi)","Fətəlixan Xoyski, Nərimanov, Bakı, Azərbaycan, AZ1110",Bakı,40.398960582326424,49.84982782189252,-,CHAdeMO,Cafe; WC,-,-,Yes,684824fbca56a6ac330c7e87,https://edm.ayna.gov.az/,2025-12-18T20:12:21.442493
AYNA (Gov),"Xaçmaz RETSİ, Qusar, Çiləgir Kəndi (Şahdağ yolüstü)","Qusar rayonu, Çiləgir kəndi",Qusar,41.39604638195479,48.36798200480584,-,CHAdeMO,Cafe; WC,-,-,Yes,6848260e8d722bff960f5abd,https://edm.ayna.gov.az/,2025-12-18T20:12:21.442504
AYNA (Gov),"Şirvan RETSİ, Salyan, Salyan r/nu, Ələt-Astara magistral yolu",Salyan rayonu,Salyan,39.53269626318203,48.81998282480939,-,CHAdeMO,Cafe; WC,-,-,Yes,684826b2a5ab6aafb9d7ffaf,https://edm.ayna.gov.az/,2025-12-18T20:12:21.442514
AYNA (Gov),"Aran RETSİ, İmişli, İmişli r/nu, Qaradonlu kəndi",İmişli rayonu,İmişli,39.78916243851569,48.067152023326685,-,CHAdeMO,Cafe; WC,-,-,Yes,684826fea5ab6aafb9d7ffb0,https://edm.ayna.gov.az/,2025-12-18T20:12:21.442524
AYNA (Gov),"Aran RETSİ, Beylaqan, Heydər Əliyev Prospekti","Vasif Quliyev 26, Beyləqan, Beyləqan, Azərbaycan, AZ1200",Beyləqan,39.76804536855599,47.62199669334123,-,CHAdeMO,Cafe; WC,-,-,Yes,6848273f8d722bff960f5abe,https://edm.ayna.gov.az/,2025-12-18T20:12:21.442540
AYNA (Gov),"Qarabağ RETSİ, Xankəndi, Xankəndi şəhəri, Xankəndi YS",Xankəndi şəhəri,Xankəndi,39.82895009681505,46.755188989428206,-,CHAdeMO,Cafe; WC,-,-,Yes,684827e0a5ab6aafb9d7ffb1,https://edm.ayna.gov.az/,2025-12-18T20:12:21.442549
AYNA (Gov),"Qarabağ RETSİ, Xocalı, Xocalı r/nu, Xocalı şəhəri",Xocalı şəhəri,Xocalı,39.928764493177425,46.87837052778417,-,CHAdeMO,Cafe; WC,-,-,Yes,684828528d722bff960f5abf,https://edm.ayna.gov.az/,2025-12-18T20:12:21.442559
AYNA (Gov),"Şimal Qərb RETSİ, Zaqatala, Zaqatala 110/35/10 kV-luq YS","Faiq Əmirov 268, Qazangül, Zaqatala, Azərbaycan, AZ6226",Zaqatala,41.63400379470201,46.60507597492628,-,CHAdeMO,Cafe; WC,-,-,Yes,6848293c8d722bff960f5ac0,https://edm.ayna.gov.az/,2025-12-18T20:12:21.442574
AYNA (Gov),"Şimal Qərb RETSİ, Şəki, Şəki r/nu, Aşağı Göynük kəndi","Şəki r/nu, Aşağı Göynük kəndi",Aşağı Göynük kəndi,41.27902158784735,47.00296809199213,-,CHAdeMO,Cafe; WC,-,-,Yes,684829a28d722bff960f5ac1,https://edm.ayna.gov.az/,2025-12-18T20:12:21.442588
AYNA (Gov),"Şimal Qərb RETSİ, Qəbələ, Qəbələ r/nu, Ağdaş-Zarağan yolu","Zərifə Əliyeva 56, Qəbələ, Qəbələ, Azərbaycan, AZ3600",Qəbələ,40.96426411060196,47.847704513290665,-,CHAdeMO,Cafe; WC,-,-,Yes,684829ffca56a6ac330c7e88,https://edm.ayna.gov.az/,2025-12-18T20:12:21.442612
